Domain UniProt ID,Aligned-Domain-Sequence,Domain Sequence
P00533,LGSGAFGTVYKGLPVAIKELRKEILDEAYVMASVDNPHVCRLLGICLTVQLITQLMPFGCLLDYVREQYLLNWCVQIAKGMNYLEDRRLVHRDLAARNVLVKTPQHVKITDFGLAKLLPIKWMALESILHRIYTHQSDVWSYGVTVWELMTGSKPYDGIPASEISSPPICTIDVYMIMVKCWMIDADSRPKF,FKKIKVLGSGAFGTVYKGLWIPEGEKVKIPVAIKELREATSPKANKEILDEAYVMASVDNPHVCRLLGICLTSTVQLITQLMPFGCLLDYVREHKDNIGSQYLLNWCVQIAKGMNYLEDRRLVHRDLAARNVLVKTPQHVKITDFGLAKLLGAEEKEYHAEGGKVPIKWMALESILHRIYTHQSDVWSYGVTVWELMTFGSKPYDGIPASEISSILEKGERLPQPPICTIDVYMIMVKCWMIDADSRPKFRELIIEFSKMARDPQRYL
P12931,LGQGCFGEVWMGTRVAIKTLKEAFLQEAQVMKKLRHEKLVQLYAVVSEIYIVTEYMSKGSLLDFLKGPQLVDMAAQIASGMAYVERMNYVHRDLRAANILVGENLVCKVADFGLARLIPIKWTAPEAALYGRFTIKSDVWSFGILLTELTTGRVPYPGMVNREVLDPPECPESLHDLMCQCWRKEPEERPTF,LRLEVKLGQGCFGEVWMGTWNGTTRVAIKTLKPGTMSPEAFLQEAQVMKKLRHEKLVQLYAVVSEEPIYIVTEYMSKGSLLDFLKGETGKYLRLPQLVDMAAQIASGMAYVERMNYVHRDLRAANILVGENLVCKVADFGLARLIEDNEYTARQGAKFPIKWTAPEAALYGRFTIKSDVWSFGILLTELTTKGRVPYPGMVNREVLDQVERGYRMPCPPECPESLHDLMCQCWRKEPEERPTFEYLQAFLEDYF
P29320,VGAGEFGEVCSGRSVAIKTLKRDFLGEASIMGQFDHPNIIRLEGVVTKVMIVTEYMENGSLDSFLRKIQLVGMLRGIASGMKYLSDMGYVHRDLAARNILINSNLVCKVSDFGLSRVLPIRWTSPEAIAYRKFTSASDVWSYGIVLWEVMSGERPYWEMSNQDVIKPMDCPAALYQLMLDCWQKDRNNRPKF,ISIDKVVGAGEFGEVCSGRLKLPSKKEISVAIKTLKVGYTEKQRRDFLGEASIMGQFDHPNIIRLEGVVTKSKPVMIVTEYMENGSLDSFLRKHDAQFTVIQLVGMLRGIASGMKYLSDMGYVHRDLAARNILINSNLVCKVSDFGLSRVLEDDPEAAYTTRGGKIPIRWTSPEAIAYRKFTSASDVWSYGIVLWEVMSYGERPYWEMSNQDVIKAVDEGYRLPPPMDCPAALYQLMLDCWQKDRNNRPKFEQIVSILDKLI
P21802,LGEGCFGQVVMAETVAVKMLKSDLVSEMEMMKMIKHKNIINLLGACTQLYVIVEYASKGNLREYLRAKDLVSCTYQLARGMEYLASQKCIHRDLAARNVLVTENNVMKIADFGLARDIPVKWMAPEALFDRVYTHQSDVWSFGVLMWEIFTGGSPYPGIPVEELFKPANCTNELYMMMRDCWHAVPSQRPTF,LTLGKPLGEGCFGQVVMAEAVGIDKDKPKEAVTVAVKMLKDDATEKDLSDLVSEMEMMKMIGKHKNIINLLGACTQDGPLYVIVEYASKGNLREYLRARRPPGMEYSYDINRVPEEQMTFKDLVSCTYQLARGMEYLASQKCIHRDLAARNVLVTENNVMKIADFGLARDINNIDYYKKTTNGRLPVKWMAPEALFDRVYTHQSDVWSFGVLMWEIFTLGGSPYPGIPVEELFKLLKEGHRMDKPANCTNELYMMMRDCWHAVPSQRPTFKQLVEDLDRILTLTTNEEYL
P06213,LGQGSFGMVYEGNRVAVKTVNIEFLNEASVMKGFTCHHVVRLLGVVSKTLVVMELMAHGDLKSYLRSQEMIQMAAEIADGMAYLNAKKFVHRDLAARNCMVAHDFTVKIGDFGMTRDIPVRWMAPESLKDGVFTTSSDMWSFGVVLWEITSAEQPYQGLSNEQVLKPDNCPERVTDLMRMCWQFNPKMRPTF,ITLLRELGQGSFGMVYEGNARDIIKGEAETRVAVKTVNESASLRERIEFLNEASVMKGFTCHHVVRLLGVVSKGQPTLVVMELMAHGDLKSYLRSLRPEAENNPGRPPPTLQEMIQMAAEIADGMAYLNAKKFVHRDLAARNCMVAHDFTVKIGDFGMTRDIYETDYYRKGGKGLLPVRWMAPESLKDGVFTTSSDMWSFGVVLWEITSLAEQPYQGLSNEQVLKFVMDGGYLDQPDNCPERVTDLMRMCWQFNPKMRPTFLEIVNLLKDDLHPSF
P10721,LGAGAFGKVVEATTVAVKMLKEALMSELKVLSYLNHMNIVNLLGACTITLVITEYCCYGDLLNFLRREDLLSFSYQVAKGMAFLASKNCIHRDLAARNILLTHGRITKICDFGLARDIPVKWMAPESIFNCVYTFESDVWSYGIFLWELFSGSSPYPGMPVDSKFYPEHAPAEMYDIMKTCWDADPLKRPTF,LSFGKTLGAGAFGKVVEATAYGLIKSDAAMTVAVKMLKPSAHLTEREALMSELKVLSYLGNHMNIVNLLGACTIGGPTLVITEYCCYGDLLNFLRRKRDSFICSKQEDHAEAALYKNLLHSKESSCSDSTNEYMDMKPGVSYVVPTKADKRRSVRIGSYIERDVTPAIMEDDELALDLEDLLSFSYQVAKGMAFLASKNCIHRDLAARNILLTHGRITKICDFGLARDIKNDSNYVVKGNARLPVKWMAPESIFNCVYTFESDVWSYGIFLWELFSLGSSPYPGMPVDSKFYKMIKEGFRMLSPEHAPAEMYDIMKTCWDADPLKRPTFKQIVQLIEKQISESTNHIYS
P11362,LGEGCFGQVVLAEKVAVKMLKSDLISEMEMMKMIKHKNIINLLGACTQLYVIVEYASKGNLREYLQAKDLVSCAYQVARGMEYLASKKCIHRDLAARNVLVTEDNVMKIADFGLARDIPVKWMAPEALFDRIYTHQSDVWSFGVLLWEIFTGGSPYPGVPVEELFKPSNCTNELYMMMRDCWHAVPSQRPTF,LVLGKPLGEGCFGQVVLAEAIGLDKDKPNRVTKVAVKMLKSDATEKDLSDLISEMEMMKMIGKHKNIINLLGACTQDGPLYVIVEYASKGNLREYLQARRPPGLEYCYNPSHNPEEQLSSKDLVSCAYQVARGMEYLASKKCIHRDLAARNVLVTEDNVMKIADFGLARDIHHIDYYKKTTNGRLPVKWMAPEALFDRIYTHQSDVWSFGVLLWEIFTLGGSPYPGVPVEELFKLLKEGHRMDKPSNCTNELYMMMRDCWHAVPSQRPTFKQLVEDLDRIVALTSNQEYL
P04626,LGSGAFGTVYKGIPVAIKVLRKEILDEAYVMAGVGSPYVSRLLGICLTVQLVTQLMPYGCLLDHVREQDLLNWCMQIAKGMSYLEDVRLVHRDLAARNVLVKSPNHVKITDFGLARLLPIKWMALESILRRRFTHQSDVWSYGVTVWELMTGAKPYDGIPAREIPDPPICTIDVYMIMVKCWMIDSECRPRF,LRKVKVLGSGAFGTVYKGIWIPDGENVKIPVAIKVLRENTSPKANKEILDEAYVMAGVGSPYVSRLLGICLTSTVQLVTQLMPYGCLLDHVRENRGRLGSQDLLNWCMQIAKGMSYLEDVRLVHRDLAARNVLVKSPNHVKITDFGLARLLDIDETEYHADGGKVPIKWMALESILRRRFTHQSDVWSYGVTVWELMTFGAKPYDGIPAREIPDLLEKGERLPQPPICTIDVYMIMVKCWMIDSECRPRFRELVSEFSRMARDPQRFV
P00519,LGGGQYGEVYEGVTVAVKTLKEEFLKEAAVMKEIKHPNLVQLLGVCTRFYIITEFMTYGNLLDYLREVVLLYMATQISSAMEYLEKKNFIHRDLAARNCLVGENHLVKVADFGLSRLMPIKWTAPESLAYNKFSIKSDVWAFGVLLWEIATGMSPYPGIDLSQVYEPEGCPEKVYELMRACWQWNPSDRPSF,ITMKHKLGGGQYGEVYEGVWKKYSLTVAVKTLKEDTMEVEEFLKEAAVMKEIKHPNLVQLLGVCTREPPFYIITEFMTYGNLLDYLRECNRQEVNAVVLLYMATQISSAMEYLEKKNFIHRDLAARNCLVGENHLVKVADFGLSRLMTGDTYTAHAGAKFPIKWTAPESLAYNKFSIKSDVWAFGVLLWEIATYGMSPYPGIDLSQVYELLEKDYRMERPEGCPEKVYELMRACWQWNPSDRPSFAEIHQAF
P07949,LGEGEFGKVVKATTVAVKMLKRDLLSEFNVLKQVNHPHVIKLYGACSQLLLIVEYAKYGSLRGFLREGDLISFAWQISQGMQYLAEMKLVHRDLAARNILVAEGRKMKISDFGLSRDVPVKWMAIESLFDHIYTTQSDVWSFGVLLWEIVTGGNPYPGIPPERLFNPDNCSEEMYRLMLQCWKQEPDKRPVF,LVLGKTLGEGEFGKVVKATAFHLKGRAGYTTVAVKMLKENASPSELRDLLSEFNVLKQVNHPHVIKLYGACSQDGPLLLIVEYAKYGSLRGFLRESRKVGPGYLGSGGSRNSSSLDHPDERALTMGDLISFAWQISQGMQYLAEMKLVHRDLAARNILVAEGRKMKISDFGLSRDVYEEDSYVKRSQGRIPVKWMAIESLFDHIYTTQSDVWSFGVLLWEIVTLGGNPYPGIPPERLFNLLKTGHRMERPDNCSEEMYRLMLQCWKQEPDKRPVFADISKDLEKMMVKRRDYL
P08581,IGRGHFGCVYHGTHCAVKSLNSQFLTEGIIMKDFSHPNVLSLLGICLRPLVVLPYMKHGDLRNFIRNKDLIGFGLQVAKGMKYLASKKFVHRDLAARNCMLDEKFTVKVADFGLARDMPVKWMALESLQTQKFTTKSDVWSFGVLLWELMTGAPPYPDVNTFDITVPEYCPDPLYEVMLKCWHPKAEMRPSF,VHFNEVIGRGHFGCVYHGTLLDNDGKKIHCAVKSLNRITDIGEVSQFLTEGIIMKDFSHPNVLSLLGICLRSEGSPLVVLPYMKHGDLRNFIRNETHNPTVKDLIGFGLQVAKGMKYLASKKFVHRDLAARNCMLDEKFTVKVADFGLARDMYDKEYYSVHNKTGAKLPVKWMALESLQTQKFTTKSDVWSFGVLLWELMTRGAPPYPDVNTFDITVYLLQGRRLLQPEYCPDPLYEVMLKCWHPKAEMRPSFSELVSRISAIFSTFI
Q06187,LGTGQFGVVKYGKDVAIKMIKDEFIEEAKVMMNLSHEKLVQLYGVCTKIFIITEYMANGCLLNYLREQQLLEMCKDVCEAMEYLESKQFLHRDLAARNCLVNDQGVVKVSDFGLSRYVPVRWSPPEVLMYSKFSSKSDIWAFGVLMWEIYSGKMPYERFTNSETAEPHLASEKVYTIMYSCWHEKADERPTF,LTFLKELGTGQFGVVKYGKWRGQYDVAIKMIKEGSMSEDEFIEEAKVMMNLSHEKLVQLYGVCTKQRPIFIITEYMANGCLLNYLREMRHRFQTQQLLEMCKDVCEAMEYLESKQFLHRDLAARNCLVNDQGVVKVSDFGLSRYVLDDEYTSSVGSKFPVRWSPPEVLMYSKFSSKSDIWAFGVLMWEIYSLGKMPYERFTNSETAEHIAQGLRLYRPHLASEKVYTIMYSCWHEKADERPTFKILLSNILDVM
P07948,LGAGQFGEVWMGYKVAVKTLKQAFLEEANLMKTLQHDKLVRLYAVVTRIYIITEYMAKGSLLDFLKSPKLIDFSAQIAEGMAYIERKNYIHRDLRAANVLVSESLMCKIADFGLARVIPIKWTAPEAINFGCFTIKSDVWSFGILLYEIVTGKIPYPGRTNADVMTVENCPDELYDIMKMCWKEKAEERPTF,IKLVKRLGAGQFGEVWMGYYNNSTKVAVKTLKPGTMSVQAFLEEANLMKTLQHDKLVRLYAVVTREEPIYIITEYMAKGSLLDFLKSDEGGKVLLPKLIDFSAQIAEGMAYIERKNYIHRDLRAANVLVSESLMCKIADFGLARVIEDNEYTAREGAKFPIKWTAPEAINFGCFTIKSDVWSFGILLYEIVTYGKIPYPGRTNADVMTALSQGYRMPRVENCPDELYDIMKMCWKEKAEERPTFDYLQSVLDDFY
P09619,LGSGAFGQVVEATKVAVKMLKQALMSELKIMSHLPHLNVVNLLGACTKIYIITEYCRYGDLVDYLHRMDLVGFSYQVANGMEFLASKNCVHRDLAARNVLICEGKLVKICDFGLARDIPLKWMAPESIFNSLYTTLSDVWSFGILLWEIFTGGTPYPELPMNEQFYPAHASDEIYEIMQKCWEEKFEIRPPF,LVLGRTLGSGAFGQVVEATAHGLSHSQATMKVAVKMLKSTARSSEKQALMSELKIMSHLGPHLNVVNLLGACTKGGPIYIITEYCRYGDLVDYLHRNKHTFLQHHSDKRRPPSAELYSNALPVGLPLPSHVSLTGESDGGYMDMSKDESVDYVPMLDMKGDVKYADIESSNYMAPYDNYVPSAPERTCRATLINESPVLSYMDLVGFSYQVANGMEFLASKNCVHRDLAARNVLICEGKLVKICDFGLARDIMRDSNYISKGSTFLPLKWMAPESIFNSLYTTLSDVWSFGILLWEIFTLGGTPYPELPMNEQFYNAIKRGYRMAQPAHASDEIYEIMQKCWEEKFEIRPPFSQLVLLLERLL
Q05397,IGEGQFGDVHQGIAVAIKTCKEKFLQEALTMRQFDHPHIVKLIGVITEVWIIMELCTLGELRSFLQVASLILYAYQLSTALAYLESKRFVHRDIAARNVLVSSNDCVKLGDFGLSRYMPIKWMAPESINFRRFTSASDVWMFGVCMWEILMGVKPFQGVKNNDVIGPPNCPPTLYSLMTKCWAYDPSRRPRF,IELGRCIGEGQFGDVHQGIYMSPENPALAVAIKTCKNCTSDSVREKFLQEALTMRQFDHPHIVKLIGVITENPVWIIMELCTLGELRSFLQVRKYSLDLASLILYAYQLSTALAYLESKRFVHRDIAARNVLVSSNDCVKLGDFGLSRYMEDSTYYKASKGKLPIKWMAPESINFRRFTSASDVWMFGVCMWEILMHGVKPFQGVKNNDVIGRIENGERLPMPPNCPPTLYSLMTKCWAYDPSRRPRFTELKAQLSTIL
Q14289,LGEGFFGEVYEGVNVAVKTCKEKFMSEAVIMKNLDHPHIVKLIGIIEETWIIMELYPYGELGHYLERLTLVLYSLQICKAMAYLESINCVHRDIAVRNILVASPECVKLGDFGLSRYIPIKWMSPESINFRRFTTASDVWMFAVCMWEILSGKQPFFWLENKDVIGPDLCPPVLYTLMTRCWDYDPSDRPRF,VVLNRILGEGFFGEVYEGVYTNHKGEKINVAVKTCKKDCTLDNKEKFMSEAVIMKNLDHPHIVKLIGIIEEEPTWIIMELYPYGELGHYLERNKNSLKVLTLVLYSLQICKAMAYLESINCVHRDIAVRNILVASPECVKLGDFGLSRYIEDEDYYKASVTRLPIKWMSPESINFRRFTTASDVWMFAVCMWEILSFGKQPFFWLENKDVIGVLEKGDRLPKPDLCPPVLYTLMTRCWDYDPSDRPRFTELVCSLSDVY
P08631,LGAGQFGEVWMATKVAVKTMKEAFLAEANVMKTLQHDKLVKLHAVVTKIYIITEFMAKGSLLDFLKSPKLIDFSAQIAEGMAFIEQRNYIHRDLRAANILVSASLVCKIADFGLARVIPIKWTAPEAINFGSFTIKSDVWSFGILLMEIVTGRIPYPGMSNPEVIRPENCPEELYNIMMRCWKNRPEERPTF,LKLEKKLGAGQFGEVWMATYNKHTKVAVKTMKPGSMSVEAFLAEANVMKTLQHDKLVKLHAVVTKEPIYIITEFMAKGSLLDFLKSDEGSKQPLPKLIDFSAQIAEGMAFIEQRNYIHRDLRAANILVSASLVCKIADFGLARVIEDNEYTAREGAKFPIKWTAPEAINFGSFTIKSDVWSFGILLMEIVTYGRIPYPGMSNPEVIRALERGYRMPRPENCPEELYNIMMRCWKNRPEERPTFEYIQSVLDDFY
P22607,LGEGCFGQVVMAETVAVKMLKSDLVSEMEMMKMIKHKNIINLLGACTQLYVLVEYAAKGNLREFLRAKDLVSCAYQVARGMEYLASQKCIHRDLAARNVLVTEDNVMKIADFGLARDVPVKWMAPEALFDRVYTHQSDVWSFGVLLWEIFTGGSPYPGIPVEELFKPANCTHDLYMIMRECWHAAPSQRPTF,LTLGKPLGEGCFGQVVMAEAIGIDKDRAAKPVTVAVKMLKDDATDKDLSDLVSEMEMMKMIGKHKNIINLLGACTQGGPLYVLVEYAAKGNLREFLRARRPPGLDYSFDTCKPPEEQLTFKDLVSCAYQVARGMEYLASQKCIHRDLAARNVLVTEDNVMKIADFGLARDVHNLDYYKKTTNGRLPVKWMAPEALFDRVYTHQSDVWSFGVLLWEIFTLGGSPYPGIPVEELFKLLKEGHRMDKPANCTHDLYMIMRECWHAAPSQRPTFKQLVEDLDRVLTVTSTDEYL
P06241,LGNGQFGEVWMGTKVAIKTLKESFLEEAQIMKKLKHDKLVQLYAVVSEIYIVTEYMNKGSLLDFLKDPNLVDMAAQVAAGMAYIERMNYIHRDLRSANILVGNGLICKIADFGLARLIPIKWTAPEAALYGRFTIKSDVWSFGILLTELVTGRVPYPGMNNREVLEPQDCPISLHELMIHCWKKDPEERPTF,LQLIKRLGNGQFGEVWMGTWNGNTKVAIKTLKPGTMSPESFLEEAQIMKKLKHDKLVQLYAVVSEEPIYIVTEYMNKGSLLDFLKDGEGRALKLPNLVDMAAQVAAGMAYIERMNYIHRDLRSANILVGNGLICKIADFGLARLIEDNEYTARQGAKFPIKWTAPEAALYGRFTIKSDVWSFGILLTELVTKGRVPYPGMNNREVLEQVERGYRMPCPQDCPISLHELMIHCWKKDPEERPTFEYLQSFLEDYF
P04629,LGEGAFGKVFLAELVAVKALKQDFQREAELLTMLQHQHIVRFFGVCTELLMVFEYMRHGDLNRFLRSGQLLAVASQVAAGMVYLAGLHFVHRDLATRNCLVGQGLVVKIGDFGMSRDIPIRWMPPESILYRKFTTESDVWSFGVVLWEIFTGKQPWYQLSNTEAIDPRACPPEVYAIMRGCWQREPQQRHSI,IVLKWELGEGAFGKVFLAECHNLLPEQDKMLVAVKALKEASESARQDFQREAELLTMLQHQHIVRFFGVCTEGRPLLMVFEYMRHGDLNRFLRSHGPDAKLLAGGEDVAPGPLGLGQLLAVASQVAAGMVYLAGLHFVHRDLATRNCLVGQGLVVKIGDFGMSRDIYSTDYYRVGGRTMLPIRWMPPESILYRKFTTESDVWSFGVVLWEIFTYGKQPWYQLSNTEAIDCITQGRELERPRACPPEVYAIMRGCWQREPQQRHSIKDVHARL
P16234,LGSGAFGKVVEGTKVAVKMLKQALMSELKIMTHLPHLNIVNLLGACTKIYIITEYCFYGDLVNYLHKLDLLSFTYQVARGMEFLASKNCVHRDLAARNVLLAQGKIVKICDFGLARDIPVKWMAPESIFDNLYTTLSDVWSYGILLWEIFSGGTPYPGMMVDSTFYPDHATSEVYEIMVKCWNSEPEKRPSF,LVLGRVLGSGAFGKVVEGTAYGLSRSQPVMKVAVKMLKPTARSSEKQALMSELKIMTHLGPHLNIVNLLGACTKSGPIYIITEYCFYGDLVNYLHKNRDSFLSHHPEKPKKELDIFGLNPADESTRSYVILSFENNGDYMDMKQADTTQYVPMLERKEVSKYSDIQRSLYDRPASYKKKSMLDSEVKNLLSDDNSEGLTLLDLLSFTYQVARGMEFLASKNCVHRDLAARNVLLAQGKIVKICDFGLARDIMHDSNYVSKGSTFLPVKWMAPESIFDNLYTTLSDVWSYGILLWEIFSLGGTPYPGMMVDSTFYNKIKSGYRMAKPDHATSEVYEIMVKCWNSEPEKRPSFYHLSEIVENLL
Q02763,IGEGNFGQVLKARDAAIKRMKRDFAGELEVLCKLHHPNIINLLGACEHLYLAIEYAPHGNLLDFLRKQQLLHFAADVARGMDYLSQKQFIHRDLAARNILVGENYVAKIADFGLSRGQPVRWMAIESLNYSVYTTNSDVWSYGVLLWEIVSGGTPYCGMTCAELYEPLNCDDEVYDLMRQCWREKPYERPSF,IKFQDVIGEGNFGQVLKARIKKDGLRMDAAIKRMKEYASKDDHRDFAGELEVLCKLGHHPNIINLLGACEHRGYLYLAIEYAPHGNLLDFLRKSRVLETDPAFAIANSTASTLSSQQLLHFAADVARGMDYLSQKQFIHRDLAARNILVGENYVAKIADFGLSRGQEVYVKKTMGRLPVRWMAIESLNYSVYTTNSDVWSYGVLLWEIVSLGGTPYCGMTCAELYEKLPQGYRLEKPLNCDDEVYDLMRQCWREKPYERPSFAQILVSLNRML
P06239,LGAGQFGEVWMGYKVAVKSLKDAFLAEANLMKQLQHQRLVRLYAVVTQIYIITEYMENGSLVDFLKTNKLLDMAAQIAEGMAFIEERNYIHRDLRAANILVSDTLSCKIADFGLARLIPIKWTAPEAINYGTFTIKSDVWSFGILLTEIVTGRIPYPGMTNPEVIQPDNCPEELYQLMRLCWKERPEDRPTF,LKLVERLGAGQFGEVWMGYYNGHTKVAVKSLKQGSMSPDAFLAEANLMKQLQHQRLVRLYAVVTQEPIYIITEYMENGSLVDFLKTPSGIKLTINKLLDMAAQIAEGMAFIEERNYIHRDLRAANILVSDTLSCKIADFGLARLIEDNEYTAREGAKFPIKWTAPEAINYGTFTIKSDVWSFGILLTEIVTHGRIPYPGMTNPEVIQNLERGYRMVRPDNCPEELYQLMRLCWKERPEDRPTFDYLRSVLEDFF
P35968,LGRGAFGQVIEADTVAVKMLKRALMSELKILIHIHHLNVVNLLGACTKLMVIVEFCKFGNLSTYLRSEHLICYSFQVAKGMEFLASRKCIHRDLAARNILLSEKNVVKICDFGLARDIPLKWMAPETIFDRVYTIQSDVWSFGVLLWEIFSGASPYPGVKIDEEFCPDYTTPEMYQTMLDCWHGEPSQRPTF,LKLGKPLGRGAFGQVIEADAFGIDKTATCRTVAVKMLKEGATHSEHRALMSELKILIHIGHHLNVVNLLGACTKPGGPLMVIVEFCKFGNLSTYLRSKRNEFVPYKTKGARFRQGKDYVGAIPVDLKRRLDSITSSQSSASSGFVEEKSLSDVEEEEAPEDLYKDFLTLEHLICYSFQVAKGMEFLASRKCIHRDLAARNILLSEKNVVKICDFGLARDIYKDPDYVRKGDARLPLKWMAPETIFDRVYTIQSDVWSFGVLLWEIFSLGASPYPGVKIDEEFCRRLKEGTRMRAPDYTTPEMYQTMLDCWHGEPSQRPTFSELVEHLGN
P42684,LGGGQYGEVYVGVTVAVKTLKEEFLKEAAVMKEIKHPNLVQLLGVCTLFYIVTEYMPYGNLLDYLREVVLLYMATQISSAMEYLEKKNFIHRDLAARNCLVGENHVVKVADFGLSRLMPIKWTAPESLAYNTFSIKSDVWAFGVLLWEIATGMSPYPGIDLSQVYDPEGCPPKVYELMRACWKWSPADRPSF,ITMKHKLGGGQYGEVYVGVWKKYSLTVAVKTLKEDTMEVEEFLKEAAVMKEIKHPNLVQLLGVCTLEPPFYIVTEYMPYGNLLDYLRECNREEVTAVVLLYMATQISSAMEYLEKKNFIHRDLAARNCLVGENHVVKVADFGLSRLMTGDTYTAHAGAKFPIKWTAPESLAYNTFSIKSDVWAFGVLLWEIATYGMSPYPGIDLSQVYDLLEKGYRMEQPEGCPPKVYELMRACWKWSPADRPSFAETHQAF
Q07912,LGDGSFGVVRRGESVAVKCLKDDFIREVNAMHSLDHRNLIRLYGVVLTMKMVTELAPLGSLLDRLRKGTLSRYAVQVAEGMGYLESKRFIHRDLAARNLLLATRDLVKIGDFGLMRALPFAWCAPESLKTRTFSHASDTWMFGVTLWEMFTGQEPWIGLNGSQILHPEDCPQDIYNVMVQCWAHKPEDRPTF,LRLLEKLGDGSFGVVRRGEWDAPSGKTVSVAVKCLKPDVLSQPEAMDDFIREVNAMHSLDHRNLIRLYGVVLTPPMKMVTELAPLGSLLDRLRKHQGHFLLGTLSRYAVQVAEGMGYLESKRFIHRDLAARNLLLATRDLVKIGDFGLMRALPQNDDHYVMQEHRKVPFAWCAPESLKTRTFSHASDTWMFGVTLWEMFTYGQEPWIGLNGSQILHKIDKEGERLPRPEDCPQDIYNVMVQCWAHKPEDRPTFVALRDFL
Q9UM73,LGHGAFGEVYEGQQVAVKTLPLDFLMEALIISKFNHQNIVRCIGVSLQRFILLELMAGGDLKSFLRELDLLHVARDIACGCQYLEENHFIHRDIAARNCLPGPGRVAKIGDFGMARDIPVKWMPPEAFMEGIFTSKTDTWSFGVLLWEIFSGYMPYPSKSNQEVLEPKNCPGPVYRIMTQCWQHQPEDRPNF,ITLIRGLGHGAFGEVYEGQVSGMPNDPSPLQVAVKTLPEVCSEQDELDFLMEALIISKFNHQNIVRCIGVSLQSLPRFILLELMAGGDLKSFLRETRPRPSQPSSLAMLDLLHVARDIACGCQYLEENHFIHRDIAARNCLLTCPGPGRVAKIGDFGMARDIYRASYYRKGGCAMLPVKWMPPEAFMEGIFTSKTDTWSFGVLLWEIFSLGYMPYPSKSNQEVLEFVTSGGRMDPPKNCPGPVYRIMTQCWQHQPEDRPNFAIILERIEYCTQDPDV
P51451,LGSGQFGEVWMGYKVAIKTLKEAFLGEANVMKALQHERLVRLYAVVTKIYIVTEYMARGCLLDFLKTPRLIDMSAQIAEGMAYIERMNSIHRDLRAANILVSEALCCKIADFGLARIIPIKWTAPEAIHFGVFTIKADVWSFGVLLMEVVTGRVPYPGMSNPEVIRPDTCPPEYRGVIAECWRSRPEERPTF,LRLVRKLGSGQFGEVWMGYYKNNMKVAIKTLKEGTMSPEAFLGEANVMKALQHERLVRLYAVVTKEPIYIVTEYMARGCLLDFLKTDEGSRLSLPRLIDMSAQIAEGMAYIERMNSIHRDLRAANILVSEALCCKIADFGLARIIDSEYTAQEGAKFPIKWTAPEAIHFGVFTIKADVWSFGVLLMEVVTYGRVPYPGMSNPEVIRNLERGYRMPRPDTCPPELYRGVIAECWRSRPEERPTFEFLQSVLEDFY
P51813,LGSGQFGVVQLGKDVAVKMIKDEFFQEAQTMMKLSHPKLVKFYGVCSKIYIVTEYISNGCLLNYLRSSQLLEMCYDVCEGMAFLESHQFIHRDLAARNCLVDRDLCVKVSDFGMTRYVPVKWSAPEVFHYFKYSSKSDVWAFGILMWEVFSGKQPYDLYDNSQVVLPHLASDTIYQIMYSCWHELPEKRPTF,ITLLKELGSGQFGVVQLGKWKGQYDVAVKMIKEGSMSEDEFFQEAQTMMKLSHPKLVKFYGVCSKEYPIYIVTEYISNGCLLNYLRSHGKGLEPSQLLEMCYDVCEGMAFLESHQFIHRDLAARNCLVDRDLCVKVSDFGMTRYVLDDQYVSSVGTKFPVKWSAPEVFHYFKYSSKSDVWAFGILMWEVFSLGKQPYDLYDNSQVVLKVSQGHRLYRPHLASDTIYQIMYSCWHELPEKRPTFQQLLSSIEPLREKDKH
P07333,LGAGAFGKVVEATKVAVKMLKEALMSELKIMSHLQHENIVNLLGACTHVLVITEYCCYGDLLNFLRRRDLLHFSSQVAQGMAFLASKNCIHRDVAARNVLLTNGHVAKIGDFGLARDIPVKWMAPESIFDCVYTVQSDVWSYGILLWEIFSGLNPYPGILVNSKFYPAFAPKNIYSIMQACWALEPTHRPTF,LQFGKTLGAGAFGKVVEATAFGLGKEDAVLKVAVKMLKSTAHADEKEALMSELKIMSHLGQHENIVNLLGACTHGGPVLVITEYCCYGDLLNFLRRKAEAMLGPSLSPGQDPEGGVDYKNIHLEKKYVRRDSGFSSQGVDTYVEMRPVSTSSNDSFSEQDLDKEDGRPLELRDLLHFSSQVAQGMAFLASKNCIHRDVAARNVLLTNGHVAKIGDFGLARDIMNDSNYIVKGNARLPVKWMAPESIFDCVYTVQSDVWSYGILLWEIFSLGLNPYPGILVNSKFYKLVKDGYQMAQPAFAPKNIYSIMQACWALEPTHRPTFQQICSFL
P41240,IGKGEFGDVMLGDKVAVKCIKQAFLAEASVMTQLRHSNLVQLLGVIVELYIVTEYMAKGSLVDYLRSDCLLKFSLDVCEAMEYLEGNNFVHRDLAARNVLVSEDNVAKVSDFGLTKE-PVKWTAPEALREKKFSTKSDVWSFGILLWEIYSGRVPYPRIPLKDVVPPDGCPPAVYEVMKNCWHLDAAMRPSF,LKLLQTIGKGEFGDVMLGDYRGNKVAVKCIKNDATAQAFLAEASVMTQLRHSNLVQLLGVIVEEKGGLYIVTEYMAKGSLVDYLRSRGRSVLGGDCLLKFSLDVCEAMEYLEGNNFVHRDLAARNVLVSEDNVAKVSDFGLTKEASSTQDTGKLPVKWTAPEALREKKFSTKSDVWSFGILLWEIYSFGRVPYPRIPLKDVVPRVEKGYKMDAPDGCPPAVYEVMKNCWHLDAAMRPSFLQLREQLEHIKTHELH
Q16832,LGEGQFGEVHLCELVAVKMLRNDFLKEIKIMSRLKDPNIIHLLAVCITLCMITEYMENGDLNQFLSRTNLKFMATQIASGMKYLSSLNFVHRDLATRNCLVGKNYTIKIADFGMSRNLPIRWMSWESILLGKFTTASDVWAFGVTLWETFTQEQPYSQLSDEQVIEPAICPDSVYKLMLSCWRRDTKNRPSF,LTFKEKLGEGQFGEVHLCEVEGMEKFKDKDFALDVSANQPVLVAVKMLRADANKNARNDFLKEIKIMSRLKDPNIIHLLAVCITDDPLCMITEYMENGDLNQFLSRHEPPNSSSSDVRTVSYTNLKFMATQIASGMKYLSSLNFVHRDLATRNCLVGKNYTIKIADFGMSRNLYSGDYYRIQGRAVLPIRWMSWESILLGKFTTASDVWAFGVTLWETFTFCQEQPYSQLSDEQVIENTGEFFRDQGRQTYLPQPAICPDSVYKLMLSCWRRDTKNRPSFQEIHLLL
Q08345,LGEGQFGEVHLCELVAVKILRNDFLKEVKIMSRLKDPNIIRLLGVCVQLCMITDYMENGDLNQFLSAPMLLHVAAQIASGMRYLATLNFVHRDLATRNCLVGENFTIKIADFGMSRNLPIRWMAWECILMGKFTTASDVWAFGVTLWEVLMRAQPFGQLTDEQVIEPPACPQGLYELMLRCWSRESEQRPPF,LRFKEKLGEGQFGEVHLCEVDSPQDLVSLDFPLNVRKGHPLLVAVKILRPDATKNARNDFLKEVKIMSRLKDPNIIRLLGVCVQDDPLCMITDYMENGDLNQFLSAHQLEDKAAEGAPGDGQAAQGPTISYPMLLHVAAQIASGMRYLATLNFVHRDLATRNCLVGENFTIKIADFGMSRNLYAGDYYRVQGRAVLPIRWMAWECILMGKFTTASDVWAFGVTLWEVLMLCRAQPFGQLTDEQVIENAGEFFRDQGRQVYLSRPPACPQGLYELMLRCWSRESEQRPPFSQLHRFL
P21709,IGEGEFGEVYRGTTVAIKTLKWNFLREATIMGQFSHPHILHLEGVVTKIMIITEFMENGALDAFLREGQLVAMLQGIASGMNYLSNHNYVHRDLAARNILVNQNLCCKVSDFGLTRLLPIRWTAPEAIAHRIFTTASDVWSFGIVMWEVLSGDKPYGEMSNQEVMKPVDCPAPLYELMKNCWAYDRARRPHF,LMVDTVIGEGEFGEVYRGTLRLPSQDCKTVAIKTLKDTSPGGQWWNFLREATIMGQFSHPHILHLEGVVTKRKPIMIITEFMENGALDAFLREREDQLVPGQLVAMLQGIASGMNYLSNHNYVHRDLAARNILVNQNLCCKVSDFGLTRLLDDFDGTYETQGGKIPIRWTAPEAIAHRIFTTASDVWSFGIVMWEVLSFGDKPYGEMSNQEVMKSIEDGYRLPPPVDCPAPLYELMKNCWAYDRARRPHFQKLQAHLEQLL
P54764,IGVGEFGEVCSGRCVAIKTLKRDFLSEASIMGQFDHPNIIHLEGVVTKVMIITEYMENGSLDAFLRKIQLVGMLRGIGSGMKYLSDMSYVHRDLAARNILVNSNLVCKVSDFGMSRVLPIRWTAPEAIAYRKFTSASDVWSYGIVMWEVMSGERPYWDMSNQDVIKPMDCPIALHQLMLDCWQKERSDRPKF,IKIEKVIGVGEFGEVCSGRLKVPGKREICVAIKTLKAGYTDKQRRDFLSEASIMGQFDHPNIIHLEGVVTKCKPVMIITEYMENGSLDAFLRKNDGRFTVIQLVGMLRGIGSGMKYLSDMSYVHRDLAARNILVNSNLVCKVSDFGMSRVLEDDPEAAYTTRGGKIPIRWTAPEAIAYRKFTSASDVWSYGIVMWEVMSYGERPYWDMSNQDVIKAIEEGYRLPPPMDCPIALHQLMLDCWQKERSDRPKFGQIVNMLDKLI
P23458,LGRGTRTHIYSGTKVILKVLDLAFFEAASMMRQVSHKHIVYLYGVCVRNIMVEEFVEGGPLDLFMHRPWKFKVAKQLASALSYLEDKDLVHGNVCTKNLLLAREGFIKLSDPGIPITVRIPWIAPECVEDKNLSVAADKWSFGTTLWEICYGEIPLKDKTLIEKER-TPSCKELADLMTRCMNYDPNQRPFF,LVQGEHLGRGTRTHIYSGTLMDYKDDEGTSEEKKIKVILKVLDPSHRDISLAFFEAASMMRQVSHKHIVYLYGVCVRDVENIMVEEFVEGGPLDLFMHRKSDVLTTPWKFKVAKQLASALSYLEDKDLVHGNVCTKNLLLAREGIDSECGPFIKLSDPGIPITVLSRQECIERIPWIAPECVEDSKNLSVAADKWSFGTTLWEICYNGEIPLKDKTLIEKERFYESRCRPVTPSCKELADLMTRCMNYDPNQRPFFRAIMRDINKLEEQNPDI
P23458,LGEGHFGKVELCRQVAVKSLKADLKKEIEILRNLYHENIVKYKGICTEIKLIMEFLPSGSLKEYLPKKQQLKYAVQICKGMDYLGSRQYVHRDLAARNVLVESEHQVKIGDFGLTKAIPVFWYAPECLMQSKFYIASDVWSFGVTLHELLTYCDSDSQ--------PPNCPDEVYQLMRKCWEFQPSNRTSF,LKRIRDLGEGHFGKVELCRYDPEGDNTGEQVAVKSLKPESGGNHIADLKKEIEILRNLYHENIVKYKGICTEDGGNGIKLIMEFLPSGSLKEYLPKNKNKINLKQQLKYAVQICKGMDYLGSRQYVHRDLAARNVLVESEHQVKIGDFGLTKAIETDKEYYTVKDDRDSPVFWYAPECLMQSKFYIASDVWSFGVTLHELLTYCDSDSSPMALFLKMIGPTHGQMTVTRLVNTLKEGKRLPCPPNCPDEVYQLMRKCWEFQPSNRTSFQNLIEGFEALL
O60674,LGQGTFTKIFKGVEVLLKVLDESFFEAASMMSKLSHKHLVLNYGVCVCNILVQEFVKFGSLDTYLKKLWKLEVAKQLAWAMHFLEENTLIHGNVCAKNILEEDRKFIKLSDPGISITV--PWVPPECIENKNLNLATDKWSFGTTLWEICSGDKPLSALDSQRKLQPAPKWAELANLINNCMDYEPDFRPSF,LIFNESLGQGTFTKIFKGVRREVGDYGQLHETEVLLKVLDKAHRNYSESFFEAASMMSKLSHKHLVLNYGVCVCGDENILVQEFVKFGSLDTYLKKNKNCINILWKLEVAKQLAWAMHFLEENTLIHGNVCAKNILLIREEDRKTGNPPFIKLSDPGISITVLPKDILQERIPWVPPECIENPKNLNLATDKWSFGTTLWEICSGGDKPLSALDSQRKLQFYEDRHQLPAPKWAELANLINNCMDYEPDFRPSFRAIIRDLNSLF
O60674,LGKGNFGSVEMCRVVAVKKLQRDFEREIEILKSLQHDNIVKYKGVCYSLKLIMEYLPYGSLRDYLQKIKLLQYTSQICKGMEYLGTKRYIHRDLATRNILVENENRVKIGDFGLTKVLPIFWYAPESLTESKFSVASDVWSFGVVLYELFTKSPPAEKQGQMIVFHPDGCPDEIYMIMTECWNNNVNQRPSF,LKFLQQLGKGNFGSVEMCRYDPLQDNTGEVVAVKKLQHSTEEHLRDFEREIEILKSLQHDNIVKYKGVCYSAGRRNLKLIMEYLPYGSLRDYLQKHKERIDHIKLLQYTSQICKGMEYLGTKRYIHRDLATRNILVENENRVKIGDFGLTKVLPQDKEYYKVKEPGESPIFWYAPESLTESKFSVASDVWSFGVVLYELFTYIEKSKSPPAEFMRMIGNDKQGQMIVFHLIELLKNNGRLPRPDGCPDEIYMIMTECWNNNVNQRPSFRDLALRVD
P29317,IGAGEFGEVYKGMPVAIKTLKVDFLGEAGIMGQFSHHNIIRLEGVISKMMIITEYMENGALDKFLRELQLVGMLRGIAAGMKYLANMNYVHRDLAARNILVNSNLVCKVSDFGLSRVLPIRWTAPEAISYRKFTSASDVWSFGIVMWEVMTGERPYWELSNHEVMKPMDCPSAIYQLMMQCWQQERARRPKF,VTRQKVIGAGEFGEVYKGMLKTSSGKKEVPVAIKTLKAGYTEKQRVDFLGEAGIMGQFSHHNIIRLEGVISKYKPMMIITEYMENGALDKFLREKDGEFSVLQLVGMLRGIAAGMKYLANMNYVHRDLAARNILVNSNLVCKVSDFGLSRVLEDDPEATYTTSGGKIPIRWTAPEAISYRKFTSASDVWSFGIVMWEVMTYGERPYWELSNHEVMKAINDGFRLPTPMDCPSAIYQLMMQCWQQERARRPKFADIVSILDKLI
Q9UF33,IGAGEFGEVCSGRPVAIKTLKRDFLREASIMGQFDHPNIIRLEGVVTKVMIVVEYMENGSLDSFLRKIQLVGMLRGIASGMKYLSDMGYVHRDLAARNILVNSNLVCKVSDFGLSRVLPIRWTAPEAIAYRKFSSASDAWSYGIVMWEVMSGERPYWEMSNQDVILPMGCPASLHQLMLHCWQKERNHRPKF,IRIERVIGAGEFGEVCSGRLKTPGKREIPVAIKTLKGGHMDRQRRDFLREASIMGQFDHPNIIRLEGVVTKRSFPAIGVEAFCPSFLRAGFLNSIQAPHPVPGGGSLPPRIPAGRPVMIVVEYMENGSLDSFLRKHDGHFTVIQLVGMLRGIASGMKYLSDMGYVHRDLAARNILVNSNLVCKVSDFGLSRVLEDDPEAAYTTTGGKIPIRWTAPEAIAYRKFSSASDAWSYGIVMWEVMSYGERPYWEMSNQDVILSIEEGYRLPAPMGCPASLHQLMLHCWQKERNHRPKFTDIVSFLDKLIRNPSALHTLV
P29322,IGSGDSGEVCYGRPVAIKALKRDFLSEASIMGQFDHPNIIRLEGVVTRAMIVTEYMENGSLDTFLRTMQLVGMLRGVGAGMRYLSDLGYVHRDLAARNVLVDSNLVCKVSDFGLSRVLPIRWTAPEAIAFRTFSSASDVWSFGVVMWEVLAGERPYWNMTNRDVISPMGCPHALHQLMLDCWHKDRAQRPRF,IHIEKIIGSGDSGEVCYGRLRVPGQRDVPVAIKALKAGYTERQRRDFLSEASIMGQFDHPNIIRLEGVVTRGRLAMIVTEYMENGSLDTFLRTHDGQFTIMQLVGMLRGVGAGMRYLSDLGYVHRDLAARNVLVDSNLVCKVSDFGLSRVLEDDPDAAYTTTGGKIPIRWTAPEAIAFRTFSSASDVWSFGVVMWEVLAYGERPYWNMTNRDVISSVEEGYRLPAPMGCPHALHQLMLDCWHKDRAQRPRFSQIVSVLDALI
P54762,IGAGEFGEVYKGRYVAIKTLKRDFLSEASIMGQFDHPNIIRLEGVVTKVMIITEFMENGALDSFLRQIQLVGMLRGIAAGMKYLAEMNYVHRDLAARNILVNSNLVCKVSDFGLSRYLPVRWTAPEAIAYRKFTSASDVWSYGIVMWEVMSGERPYWDMSNQDVINPMDCPAALHQLMLDCWQKDRNSRPRF,VKIEEVIGAGEFGEVYKGRLKLPGKREIYVAIKTLKAGYSEKQRRDFLSEASIMGQFDHPNIIRLEGVVTKSRPVMIITEFMENGALDSFLRQNDGQFTVIQLVGMLRGIAAGMKYLAEMNYVHRDLAARNILVNSNLVCKVSDFGLSRYLQDDTSDPTYTSSLGGKIPVRWTAPEAIAYRKFTSASDVWSYGIVMWEVMSFGERPYWDMSNQDVINAIEQDYRLPPPMDCPAALHQLMLDCWQKDRNSRPRFAEIVNTLDKMI
P54760,IGAGEFGEVCRGRCVAIKTLKREFLSEASIMGQFEHPNIIRLEGVVTNVMILTEFMENGALDSFLRLIQLVGMLRGIASGMRYLAEMSYVHRDLAARNILVNSNLVCKVSDFGLSRFLPIRWTAPEAIAFRKFTSASDAWSYGIVMWEVMSGERPYWDMSNQDVINPPDCPTSLHQLMLDCWQKDRNARPRF,VKIEEVIGAGEFGEVCRGRLKAPGKKESCVAIKTLKGGYTERQRREFLSEASIMGQFEHPNIIRLEGVVTNSMPVMILTEFMENGALDSFLRLNDGQFTVIQLVGMLRGIASGMRYLAEMSYVHRDLAARNILVNSNLVCKVSDFGLSRFLEENSSDPTYTSSLGGKIPIRWTAPEAIAFRKFTSASDAWSYGIVMWEVMSFGERPYWDMSNQDVINAIEQDYRLPPPPDCPTSLHQLMLDCWQKDRNARPRFPQVVSALDKMIRNPASLKIVARENGGASHPLL
Q15303,LGSGAFGTVYKGIPVAIKILNVEFMDEALIMASMDHPHLVRLLGVCLSIQLVTQLMPHGCLLEYVHEQLLLNWCVQIAKGMMYLEERRLVHRDLAARNVLVKSPNHVKITDFGLARLLPIKWMALECIHYRKFTHQSDVWSYGVTIWELMTGGKPYDGIPTREIPDPPICTIDVYMVMVKCWMIDADSRPKF,LKRVKVLGSGAFGTVYKGIWVPEGETVKIPVAIKILNETTGPKANVEFMDEALIMASMDHPHLVRLLGVCLSPTIQLVTQLMPHGCLLEYVHEHKDNIGSQLLLNWCVQIAKGMMYLEERRLVHRDLAARNVLVKSPNHVKITDFGLARLLEGDEKEYNADGGKMPIKWMALECIHYRKFTHQSDVWSYGVTIWELMTFGGKPYDGIPTREIPDLLEKGERLPQPPICTIDVYMVMVKCWMIDADSRPKFKELAAEFSRMARDPQRYL
Q5JZY3,LGGGRFGELCCGCLVAVHMLRLGFLAEALTLGQFDHSHIVRLEGVVTRLMIVTEYMSHGALDGFLRRGQLMGLLPGLASAMKYLSEMGYVHRGLAARHVLVSSDLVCKISGFGRGPRDPALWAAPETLQFGHFSSASDVWSFGIIMWEVMAGERPYWDMSGQDVIKPRNCPNLLHRLMLDCWQKDPGERPRF,VTLERSLGGGRFGELCCGCLQLPGRQELLVAVHMLRDSASDSQRLGFLAEALTLGQFDHSHIVRLEGVVTRGSTLMIVTEYMSHGALDGFLRRHEGQLVAGQLMGLLPGLASAMKYLSEMGYVHRGLAARHVLVSSDLVCKISGFGRGPRDRSEAVYTTMSGRSPALWAAPETLQFGHFSSASDVWSFGIIMWEVMAFGERPYWDMSGQDVIKAVEDGFRLPPPRNCPNLLHRLMLDCWQKDPGERPRFSQIHSIL
P54753,IGAGEFGEVCRGRFVAIKTLKRDFLSEASIMGQFDHPNIIRLEGVVTKVMILTEFMENCALDSFLRLIQLVGMLRGIAAGMKYLSEMNYVHRDLAARNILVNSNLVCKVSDFGLSRFLPIRWTAPEAIAYRKFTSASDVWSYGIVMWEVMSGERPYWDMSNQDVINPMDCPTALHQLMLDCWVRDRNLRPKF,VKIEEVIGAGEFGEVCRGRLKQPGRREVFVAIKTLKVGYTERQRRDFLSEASIMGQFDHPNIIRLEGVVTKSRPVMILTEFMENCALDSFLRLNDGQFTVIQLVGMLRGIAAGMKYLSEMNYVHRDLAARNILVNSNLVCKVSDFGLSRFLEDDPSDPTYTSSLGGKIPIRWTAPEAIAYRKFTSASDVWSYGIVMWEVMSYGERPYWDMSNQDVINAVEQDYRLPPPMDCPTALHQLMLDCWVRDRNLRPKFSQIVNTLDKLI
P29323,IGAGEFGEVCSGHFVAIKTLKRDFLSEASIMGQFDHPNVIHLEGVVTKVMIITEFMENGSLDSFLRQIQLVGMLRGIAAGMKYLADMNYVHRDLAARNILVNSNLVCKVSDFGLSRFLPIRWTAPEAIQYRKFTSASDVWSYGIVMWEVMSGERPYWDMTNQDVINPMDCPSALHQLMLDCWQKDRNHRPKF,VKIEQVIGAGEFGEVCSGHLKLPGKREIFVAIKTLKSGYTEKQRRDFLSEASIMGQFDHPNVIHLEGVVTKSTPVMIITEFMENGSLDSFLRQNDGQFTVIQLVGMLRGIAAGMKYLADMNYVHRDLAARNILVNSNLVCKVSDFGLSRFLEDDTSDPTYTSALGGKIPIRWTAPEAIQYRKFTSASDVWSYGIVMWEVMSYGERPYWDMTNQDVINAIEQDYRLPPPMDCPSALHQLMLDCWQKDRNHRPKFGQIVNTLDKMI
O15197,IGTGSFGEVRQGRTVAIQALWMTFLGRAAVLGQFQHPNILRLEGVVTKLMVLTEFMELGPLDSFLRQLQLVAMQRGVAAAMQYLSSFAFVHRSLSAHSVLVNSHLVCKVARLGHSPQGLLRWAAPEVIAHGKHTTSSDVWSFGILMWEVMSGERPYWDMSEQEVLNPPGCPPGLHLLMLDTWQKDRARRPHF,IKIEEVIGTGSFGEVRQGRLQPRGRREQTVAIQALWAGGAESLQMTFLGRAAVLGQFQHPNILRLEGVVTKSRPLMVLTEFMELGPLDSFLRQREGQFSSLQLVAMQRGVAAAMQYLSSFAFVHRSLSAHSVLVNSHLVCKVARLGHSPQGPSCLLRWAAPEVIAHGKHTTSSDVWSFGILMWEVMSYGERPYWDMSEQEVLNAIEQEFRLPPPPGCPPGLHLLMLDTWQKDRARRPHFDQLVAAFDKMI
P54756,IGAGEFGEVCSGRPVAIKTLKRDFLGEASIMGQFDHPNIIHLEGVVTKVMIVTEYMENGSLDTFLKKIQLVGMLRGISAGMKYLSDMGYVHRDLAARNILINSNLVCKVSDFGLSRVLPIRWTAPEAIAFRKFTSASDVWSYGIVMWEVVSGERPYWEMTNQDVIKPMDCPAALYQLMLDCWQKERNSRPKF,ITIERVIGAGEFGEVCSGRLKLPGKRELPVAIKTLKVGYTEKQRRDFLGEASIMGQFDHPNIIHLEGVVTKSKPVMIVTEYMENGSLDTFLKKNDGQFTVIQLVGMLRGISAGMKYLSDMGYVHRDLAARNILINSNLVCKVSDFGLSRVLEDDPEAAYTTRGGKIPIRWTAPEAIAFRKFTSASDVWSYGIVMWEVVSYGERPYWEMTNQDVIKAVEEGYRLPSPMDCPAALYQLMLDCWQKERNSRPKFDEIVNMLDKLI
Q15375,IGAGEFGEVCSGRAVAIKTLKRDFLCEASIMGQFDHPNVVHLEGVVTRVMIVIEFMENGALDAFLRKIQLVGMLRGIAAGMRYLADMGYVHRDLAARNILVNSNLVCKVSDFGLSRVIPVRWTAPEAIQYRKFTSASDVWSYGIVMWEVMSGERPYWDMSNQDVIKPMDCPAGLHQLMLDCWQKERAERPKF,IKIERVIGAGEFGEVCSGRLKLPGKRDVAVAIKTLKVGYTEKQRRDFLCEASIMGQFDHPNVVHLEGVVTRGKPVMIVIEFMENGALDAFLRKHDGQFTVIQLVGMLRGIAAGMRYLADMGYVHRDLAARNILVNSNLVCKVSDFGLSRVIEDDPEAVYTTTGGKIPVRWTAPEAIQYRKFTSASDVWSYGIVMWEVMSYGERPYWDMSNQDVIKAIEEGYRLPAPMDCPAGLHQLMLDCWQKERAERPKFEQIVGILDKMI
P21860,LGSGVFGTVHKGVPVCIKVIEQAVTDHMLAIGSLDHAHIVRLLGLCPGLQLVTQYLPLGSLLDHVRQQLLLNWGVQIAKGMYYLEEHGMVHRNLAARNVLLKSPSQVQVADFGVADLLPIKWMALESIHFGKYTHQSDVWSYGVTVWELMTGAEPYAGLRLAEVPDPQICTIDVYMVMVKCWMIDENIRPTF,LRKLKVLGSGVFGTVHKGVWIPEGESIKIPVCIKVIEDKSGRQSFQAVTDHMLAIGSLDHAHIVRLLGLCPGSSLQLVTQYLPLGSLLDHVRQHRGALGPQLLLNWGVQIAKGMYYLEEHGMVHRNLAARNVLLKSPSQVQVADFGVADLLPPDDKQLLYSEAKTPIKWMALESIHFGKYTHQSDVWSYGVTVWELMTFGAEPYAGLRLAEVPDLLEKGERLAQPQICTIDVYMVMVKCWMIDENIRPTFKELANEFT
P09769,LGTGCFGDVWLGTKVAVKTLKKAFLEEAQVMKLLRHDKLVQLYAVVSEIYIVTEFMCHGSLLDFLKNPQLVDMAAQVAEGMAYMERMNYIHRDLRAANILVGERLACKIADFGLARLIPIKWTAPEAALFGRFTIKSDVWSFGILLTELITGRIPYPGMNKREVLEPPGCPASLYEAMEQTWRLDPEERPTF,ITLERRLGTGCFGDVWLGTWNGSTKVAVKTLKPGTMSPKAFLEEAQVMKLLRHDKLVQLYAVVSEEPIYIVTEFMCHGSLLDFLKNPEGQDLRLPQLVDMAAQVAEGMAYMERMNYIHRDLRAANILVGERLACKIADFGLARLIKDDEYNPCQGSKFPIKWTAPEAALFGRFTIKSDVWSFGILLTELITKGRIPYPGMNKREVLEQVEQGYHMPCPPGCPASLYEAMEQTWRLDPEERPTFEYLQSFLEDYF
P22455,LGEGCFGQVVRAETVAVKMLKADLVSEMEVMKLIRHKNIINLLGVCTQLYVIVECAAKGNLREFLRAPVLVSCAYQVARGMQYLESRKCIHRDLAARNVLVTEDNVMKIADFGLARGVPVKWMAPEALFDRVYTHQSDVWSFGILLWEIFTGGSPYPGIPVEELFSPPHCPPELYGLMRECWHAAPSQRPTF,LVLGKPLGEGCFGQVVRAEAFGMDPARPDQASTVAVKMLKDNASDKDLADLVSEMEVMKLIGRHKNIINLLGVCTQEGPLYVIVECAAKGNLREFLRARRPPGPDLSPDGPRSSEGPLSFPVLVSCAYQVARGMQYLESRKCIHRDLAARNVLVTEDNVMKIADFGLARGVHHIDYYKKTSNGRLPVKWMAPEALFDRVYTHQSDVWSFGILLWEIFTLGGSPYPGIPVEELFSLLREGHRMDRPPHCPPELYGLMRECWHAAPSQRPTFKQLVEALDKVLLAVSEEYL
P07332,IGRGNFGEVFSGRLVAVKSCRAKFLQEARILKQYSHPNIVRLIGVCTQIYIVMELVQGGDFLTFLRTKTLLQMVGDAAAGMEYLESKCCIHRDLAARNCLVTEKNVLKISDFGMSREEPVKWTAPEALNYGRYSSESDVWSFGILLWETFSGASPYPNLSNQQTREPELCPDAVFRLMEQCWAYEPGQRPSF,LVLGEQIGRGNFGEVFSGRLRADNTLVAVKSCRETLPPDLKAKFLQEARILKQYSHPNIVRLIGVCTQKQPIYIVMELVQGGDFLTFLRTEGARLRVKTLLQMVGDAAAGMEYLESKCCIHRDLAARNCLVTEKNVLKISDFGMSREEADGVYAASGGLRQVPVKWTAPEALNYGRYSSESDVWSFGILLWETFSLGASPYPNLSNQQTREFVEKGGRLPCPELCPDAVFRLMEQCWAYEPGQRPSFSTIYQELQSIRKRHR
P16591,LGKGNFGEVYKGTSVAVKTCKIKFLQEAKILKQYDHPNIVKLIGVCTQVYIIMELVSGGDFLTFLRRKQLVKFSLDAAAGMLYLESKNCIHRDLAARNCLVGENNVLKISDFGMSRQEPIKWTAPEALNYGRYSSESDVWSFGILLWETFSGVCPYPGMTNQQAREPQHCPEDISKIMMKCWDYKPENRPKF,VILGELLGKGNFGEVYKGTLKDKTSVAVKTCKEDLPQELKIKFLQEAKILKQYDHPNIVKLIGVCTQRQPVYIIMELVSGGDFLTFLRRKKDELKLKQLVKFSLDAAAGMLYLESKNCIHRDLAARNCLVGENNVLKISDFGMSRQEDGGVYSSSGLKQIPIKWTAPEALNYGRYSSESDVWSFGILLWETFSLGVCPYPGMTNQQAREQVERGYRMSAPQHCPEDISKIMMKCWDYKPENRPKFSELQKELTI
P36888,LGSGAFGKVMNATQVAVKMLKEALMSELKMMTQLSHENIVNLLGACTLIYLIFEYCCYGDLLNYLRSEDLLCFAYQVAKGMEFLEFKSCVHRDLAARNVLVTHGKVVKICDFGLARDIPVKWMAPESLFEGIYTIKSDVWSYGILLWEIFSGVNPYPGIPVDANFYPFYATEEIYIIMQSCWAFDSRKRPSF,LEFGKVLGSGAFGKVMNATAYGISKTGVSIQVAVKMLKEKADSSEREALMSELKMMTQLGSHENIVNLLGACTLSGPIYLIFEYCCYGDLLNYLRSKREKFHRTWTEIFKEHNFSFYPTFQSHPNSSMPGSREVQIHPDSDQISGLHGNSFHSEDEIEYENQKRLEEEEDLNVLTFEDLLCFAYQVAKGMEFLEFKSCVHRDLAARNVLVTHGKVVKICDFGLARDIMSDSNYVVRGNARLPVKWMAPESLFEGIYTIKSDVWSYGILLWEIFSLGVNPYPGIPVDANFYKLIQNGFKMDQPFYATEEIYIIMQSCWAFDSRKRPSFPNLTSFL
P42685,LGSGQFGEVWEGLPVAVKTLKNDFLREAQIMKNLRHPKLIQLYAVCTLIYIITELMRHGSLQEYLQNTQQVDMAAQVASGMAYLESRNYIHRDLAARNVLVGEHNIYKVADFGLARVFPVKWTAPEAIRSNKFSIKSDVWSFGILLYEIITGKMPYSGMTGAQVIQPSNCPQQFYNIMLECWNAEPKERPTF,IQLLKRLGSGQFGEVWEGLWNNTTPVAVKTLKPGSMDPNDFLREAQIMKNLRHPKLIQLYAVCTLEDPIYIITELMRHGSLQEYLQNDTGSKIHLTQQVDMAAQVASGMAYLESRNYIHRDLAARNVLVGEHNIYKVADFGLARVFKVDNEDIYESRHEIKLPVKWTAPEAIRSNKFSIKSDVWSFGILLYEIITYGKMPYSGMTGAQVIQMLAQNYRLPQPSNCPQQFYNIMLECWNAEPKERPTFETLRWKLEDYF
P08069,LGQGSFGMVYEGVRVAIKTVNIEFLNEASVMKEFNCHHVVRLLGVVSQTLVIMELMTRGDLKSYLRSSKMIQMAGEIADGMAYLNANKFVHRDLAARNCMVAEDFTVKIGDFGMTRDIPVRWMSPESLKDGVFTTYSDVWSFGVVLWEIATAEQPYQGLSNEQVLRPDNCPDMLFELMRMCWQYNPKMRPSF,ITMSRELGQGSFGMVYEGVAKGVVKDEPETRVAIKTVNEAASMRERIEFLNEASVMKEFNCHHVVRLLGVVSQGQPTLVIMELMTRGDLKSYLRSLRPEMENNPVLAPPSLSKMIQMAGEIADGMAYLNANKFVHRDLAARNCMVAEDFTVKIGDFGMTRDIYETDYYRKGGKGLLPVRWMSPESLKDGVFTTYSDVWSFGVVLWEIATLAEQPYQGLSNEQVLRFVMEGGLLDKPDNCPDMLFELMRMCWQYNPKMRPSFLEIISSIKEEMEPGF
Q08881,IGSGQFGLVHLGYKVAIKTIREDFIEEAEVMMKLSHPKLVQLYGVCLEICLVFEFMEHGCLSDYLRTETLLGMCLDVCEGMAYLEEACVIHRDLAARNCLVGENQVIKVSDFGMTRFVPVKWASPEVFSFSRYSSKSDVWSFGVLMWEVFSGKIPYENRSNSEVVEPRLASTHVYQIMNHCWKERPEDRPAF,LTFVQEIGSGQFGLVHLGYWLNKDKVAIKTIREGAMSEEDFIEEAEVMMKLSHPKLVQLYGVCLEQAPICLVFEFMEHGCLSDYLRTQRGLFAAETLLGMCLDVCEGMAYLEEACVIHRDLAARNCLVGENQVIKVSDFGMTRFVLDDQYTSSTGTKFPVKWASPEVFSFSRYSSKSDVWSFGVLMWEVFSEGKIPYENRSNSEVVEDISTGFRLYKPRLASTHVYQIMNHCWKERPEDRPAFSRLLRQLAEI
P14616,LGQGSFGMVYEGLPVALKTVNIEFLKEASVMKAFKCHHVVRLLGVVSQTLVIMELMTRGDLKSHLRSGEMIQMAGEIADGMAYLAANKFVHRDLAARNCMVSQDFTVKIGDFGMTRDVPVRWMAPESLKDGIFTTHSDVWSFGVVLWEIVTAEQPYQGLSNEQVLKLEGCPLQLQELMSRCWQPNPRLRPSF,ISIIRELGQGSFGMVYEGLARGLEAGEESTPVALKTVNELASPRECIEFLKEASVMKAFKCHHVVRLLGVVSQGQPTLVIMELMTRGDLKSHLRSLRPEAENNPGLPQPALGEMIQMAGEIADGMAYLAANKFVHRDLAARNCMVSQDFTVKIGDFGMTRDVYETDYYRKGGKGLLPVRWMAPESLKDGIFTTHSDVWSFGVVLWEIVTLAEQPYQGLSNEQVLKFVMDGGVLEELEGCPLQLQELMSRCWQPNPRLRPSFTHILDSIQEELRPSF
P52333,LGHGSFTKIYRGCEVLLKVMDESFLEAASLMSQVSYRHLVLLHGVCMASTMVQEFVHLGAIDMYLRKSWKLQVVKQLAYALNYLEDKGLPHGNVSARKVLEGADGFIKLSDPGVSPAV--PWVAPECLREQTLSLEADKWGFGATVWEVFSGVMPISALDPAKKLQPAPKWTELALLIQQCMAYEPVQRPSF,LEWHENLGHGSFTKIYRGCRHEVVDGEARKTEVLLKVMDAKHKNCMESFLEAASLMSQVSYRHLVLLHGVCMAGDSTMVQEFVHLGAIDMYLRKRGHLVPASWKLQVVKQLAYALNYLEDKGLPHGNVSARKVLLAREGADGSPPFIKLSDPGVSPAVLSLEMLTDRIPWVAPECLREAQTLSLEADKWGFGATVWEVFSGVTMPISALDPAKKLQFYEDRQQLPAPKWTELALLIQQCMAYEPVQRPSFRAVIRDLNSLI
P52333,LGKGNFGSVELCRLVAVKQLQRDFQREIQILKALHSDFIVKYRGVSYGLRLVMEYLPSGCLRDFLQRSRLLLYSSQICKGMEYLGSRRCVHRDLAARNILVESEAHVKIADFGLAKLLPIFWYAPESLSDNIFSRQSDVWSFGVVLYELFTYCDKSCSPSAEFLRMPPACPAEVHELMKLCWAPSPQDRPSF,LKYISQLGKGNFGSVELCRYDPLGDNTGALVAVKQLQHSGPDQQRDFQREIQILKALHSDFIVKYRGVSYGPGRQSLRLVMEYLPSGCLRDFLQRHRARLDASRLLLYSSQICKGMEYLGSRRCVHRDLAARNILVESEAHVKIADFGLAKLLPLDKDYYVVREPGQSPIFWYAPESLSDNIFSRQSDVWSFGVVLYELFTYCDKSCSPSAEFLRMMGCERDVPALCRLLELLEEGQRLPAPPACPAEVHELMKLCWAPSPQDRPSFSALGPQLDMLWSGSRGCETHAFT
P43405,LGSGNFGTVKKGYTVAVKILKDELLAEANVMQQLDNPYIVRMIGICEAWMLVMEMAELGPLNKYLQQKNIIELVHQVSMGMKYLEESNFVHRDLAARNVLLVTQHYAKISDFGLSKALPVKWYAPECINYYKFSSKSDVWSFGVLMWEAFSGQKPYRGMKGSEVTAPAGCPREMYDLMNLCWTYDVENRPGF,TLEDKELGSGNFGTVKKGYYQMKKVVKTVAVKILKNEANDPALKDELLAEANVMQQLDNPYIVRMIGICEAESWMLVMEMAELGPLNKYLQQNRHVKDKNIIELVHQVSMGMKYLEESNFVHRDLAARNVLLVTQHYAKISDFGLSKALRADENYYKAQTHGKWPVKWYAPECINYYKFSSKSDVWSFGVLMWEAFSYGQKPYRGMKGSEVTAMLEKGERMGCPAGCPREMYDLMNLCWTYDVENRPGFAAVELRLRNYYY
Q6ZMQ8,IGRGWFGKVFLGEQVVVKELQMQFLEEVQPYRALKHSNLLQCLAQCAEYLLVMEFCPLGDLKGYLRSRTLQRMACEVACGVLHLHRNNFVHSDLALRNCLLTADLTVKIGDYGLAHCKPLRWIAPELVDEVDQTKSGNVWSLGVTIWELFEGTQPYPQHSDQQVLAQLTLSDRWYEVMQFCWL-QPEQRPTA,LLYLKEIGRGWFGKVFLGEVNSGISSAQVVVKELQASASVQEQMQFLEEVQPYRALKHSNLLQCLAQCAEVTPYLLVMEFCPLGDLKGYLRSCRVAESMAPDPRTLQRMACEVACGVLHLHRNNFVHSDLALRNCLLTADLTVKIGDYGLAHCKYREDYFVTADQLWVPLRWIAPELVDEVHSNLLVVDQTKSGNVWSLGVTIWELFELGTQPYPQHSDQQVLAYTVREQQLKLPKPQLQLTLSDRWYEVMQFCWLQPEQRPTAEEVHLLL
Q8IWU2,IGNGWFGKVLLGERVIVKELKDTFLKNGEPYYILQHPNILQCVGQCVEYLLVFEFCDLGDLKAYLRSMLLQRMACEVAAGLAAMHKLHFLHSDLALRNCFLTSDLNVKVGDYGIGFSRPLRWTAPELVTTADQTKYSNIWSLGVTLWELFDAAQPYSNLSNLDVLNEQPYSDRWYEVLQFCWL-SPEKRPAA,LNYIQEIGNGWFGKVLLGEIYTGTSVARVIVKELKASANPKEQDTFLKNGEPYYILQHPNILQCVGQCVEAIPYLLVFEFCDLGDLKAYLRSEQEHMRGDSQTMLLQRMACEVAAGLAAMHKLHFLHSDLALRNCFLTSDLNVKVGDYGIGFSRYKEDYIETDDKKVFPLRWTAPELVTSFQDRLLTADQTKYSNIWSLGVTLWELFDNAAQPYSNLSNLDVLNQVIRERDTKLPKPQLEQPYSDRWYEVLQFCWLSPEKRPAAEDVHRLL
Q96Q04,IGSGWFGKVILGEQVVVKELRRKFISEAQPYRSLQHPNVLQCLGLCVEFLLIMEFCQLGDLKRYLRARTLQRMGLEIARGLAHLHSHNYVHSDLALRNCLLTSDLTVRIGDYGLAHSNPLRWAAPELLGEVDQSRESNIWSLGVTLWELFEGAQPYRHLSDEEVLARLKLPYAWYDILQSCWR-PPAQRPSA,LSYLQEIGSGWFGKVILGEIFSDYTPAQVVVKELRASAGPLEQRKFISEAQPYRSLQHPNVLQCLGLCVETLPFLLIMEFCQLGDLKRYLRAQRPPEGLSPELPPRDLRTLQRMGLEIARGLAHLHSHNYVHSDLALRNCLLTSDLTVRIGDYGLAHSNYKEDYYLTPERLWIPLRWAAPELLGELHGTFMVVDQSRESNIWSLGVTLWELFEFGAQPYRHLSDEEVLAFVVRQQHVKLARPRLKLPYADYWYDILQSCWRPPAQRPSASDLQLQLTYL
P42679,IGEGEFGAVLQGEKVAVKNIKQAFLDETAVMTKMQHENLVRLLGVILHLYIVMEHVSKGNLVNFLRTAQLLQFSLHVAEGMEYLESKKLVHRDLAARNILVSEDLVAKVSDFGLAKA-PVKWTAPEALKHGKFTSKSDVWSFGVLLWEVFSGRAPYPKMSLKEVSEPEGCPGPVHVLMSSCWEAEPARRPPF,LTLGAQIGEGEFGAVLQGEYLGQKVAVKNIKCDVTAQAFLDETAVMTKMQHENLVRLLGVILHQGLYIVMEHVSKGNLVNFLRTRGRALVNTAQLLQFSLHVAEGMEYLESKKLVHRDLAARNILVSEDLVAKVSDFGLAKAERKGLDSSRLPVKWTAPEALKHGKFTSKSDVWSFGVLLWEVFSYGRAPYPKMSLKEVSEAVEKGYRMEPPEGCPGPVHVLMSSCWEAEPARRPPFRKLAEKLAREL
P29376,LGHGAFGEVYEGLQVAIKTLPLDFLMEALIISKFRHQNIVRCVGLSLRRLILLELMSGGDMKSFLRHRDLLQLAQDIAQGCHYLEENHFIHRDIAARNCLAGPSRVAKIGDFGMARDIPVKWMPPEAFLEGIFTSKTDSWSFGVLLWEIFSGYMPYPGRTNQEVLDPRGCPGPVYRIMTQCWQHEPELRPSF,VTLLRALGHGAFGEVYEGLVIGLPGDSSPLQVAIKTLPELCSPQDELDFLMEALIISKFRHQNIVRCVGLSLRATPRLILLELMSGGDMKSFLRHSRPHLGQPSPLVMRDLLQLAQDIAQGCHYLEENHFIHRDIAARNCLLSCAGPSRVAKIGDFGMARDIYRASYYRRGDRALLPVKWMPPEAFLEGIFTSKTDSWSFGVLLWEIFSLGYMPYPGRTNQEVLDFVVGGGRMDPPRGCPGPVYRIMTQCWQHEPELRPSFASILERLQYCTQDPDV
Q12866,LGEGEFGSVMEGNKVAVKTMKEEFLSEAACMKDFSHPNVIRLLGVCIEPMVILPFMKYGDLHTYLLYQTLLKFMVDIALGMEYLSNRNFLHRDLAARNCMLRDDMTVCVADFGLSKKIPVKWIAIESLADRVYTSKSDVWAFGVTMWEIATGMTPYPGVQNHEMYDPEDCLDELYEIMYSCWRTDPLDRPTF,LILGKILGEGEFGSVMEGNLKQEDGTSLKVAVKTMKLDNSSQREIEEFLSEAACMKDFSHPNVIRLLGVCIEMSSQGIPKPMVILPFMKYGDLHTYLLYSRLETGPKHIPLQTLLKFMVDIALGMEYLSNRNFLHRDLAARNCMLRDDMTVCVADFGLSKKIYSGDYYRQGRIAKMPVKWIAIESLADRVYTSKSDVWAFGVTMWEIATRGMTPYPGVQNHEMYDYLLHGHRLKQPEDCLDELYEIMYSCWRTDPLDRPTFSVLRLQLEKLL
O15146,IGEGAFGRVFQARMVAVKMLKADFQREAALMAEFDNPNIVKLLGVCAVMCLLFEYMAYGDLNEFLRSAEQLCIARQVAAGMAYLSERKFVHRDLATRNCLVGENMVVKIADFGLSRNIPIRWMPPESIFYNRYTTESDVWAYGVVLWEIFSGLQPYYGMAHEEVIYPENCPVELYNLMRLCWSKLPADRPSF,IEYVRDIGEGAFGRVFQARAPGLLPYEPFTMVAVKMLKEEASADMQADFQREAALMAEFDNPNIVKLLGVCAVGKPMCLLFEYMAYGDLNEFLRSMSPHTVCSLSHSDLSMRAQVSSPGPPPLSCAEQLCIARQVAAGMAYLSERKFVHRDLATRNCLVGENMVVKIADFGLSRNIYSADYYKANENDAIPIRWMPPESIFYNRYTTESDVWAYGVVLWEIFSYGLQPYYGMAHEEVIYYVRDGNILSCPENCPVELYNLMRLCWSKLPADRPSFTSIHRIL
Q16620,LGEGAFGKVFLAELVAVKTLKKDFHREAELLTNLQHEHIVKFYGVCVELIMVFEYMKHGDLNKFLRASQMLHIAQQIAAGMVYLASQHFVHRDLATRNCLVGENLLVKIGDFGMSRDVPIRWMPPESIMYRKFTTESDVWSLGVVLWEIFTGKQPWYQLSNNEVIEPRTCPQEVYELMLGCWQREPHMRKNI,IVLKRELGEGAFGKVFLAECYNLCPEQDKILVAVKTLKDASDNARKDFHREAELLTNLQHEHIVKFYGVCVEGDPLIMVFEYMKHGDLNKFLRAHGPDAVLMAEGNPPTELTQSQMLHIAQQIAAGMVYLASQHFVHRDLATRNCLVGENLLVKIGDFGMSRDVYSTDYYRVGGHTMLPIRWMPPESIMYRKFTTESDVWSLGVVLWEIFTYGKQPWYQLSNNEVIECITQGRVLQRPRTCPQEVYELMLGCWQREPHMRKNIKGIHTLL
Q16288,LGEGAFGKVFLAELVAVKALKKDFQREAELLTNLQHEHIVKFYGVCGDLIMVFEYMKHGDLNKFLRASQMLHIASQIASGMVYLASQHFVHRDLATRNCLVGANLLVKIGDFGMSRDVPIRWMPPESIMYRKFTTESDVWSFGVILWEIFTGKQPWFQLSNTEVIEPRVCPKEVYDVMLGCWQREPQQRLNI,IVLKRELGEGAFGKVFLAECYNLSPTKDKMLVAVKALKDPTLAARKDFQREAELLTNLQHEHIVKFYGVCGDGDPLIMVFEYMKHGDLNKFLRAHGPDAMILVDGQPRQAKGELGLSQMLHIASQIASGMVYLASQHFVHRDLATRNCLVGANLLVKIGDFGMSRDVYSTDYYRLFNPSGNDFCIWCEVGGHTMLPIRWMPPESIMYRKFTTESDVWSFGVILWEIFTYGKQPWFQLSNTEVIECITQGRVLERPRVCPKEVYDVMLGCWQREPQQRLNIKEIYKILHALGKATPIYLDILG
Q13882,LGSGYFGEVFEGLQVAIKVISQMLQSEIQAMKKLRHKHILALYAVVSVVYIITELMAKGSLLELLRDSELLDIAWQVAEGMCYLESQNYIHRDLAARNILVGENTLCKVGDFGLARLIPYKWTAPEALSRGHYSTKSDVWSFGILLHEMFSGQVPYPGMSNHEAFLPLECPPSVHKLMLTCWCRDPEQRPCF,FTLCRKLGSGYFGEVFEGLWKDRVQVAIKVISRDNLLHQQMLQSEIQAMKKLRHKHILALYAVVSVGDPVYIITELMAKGSLLELLRDSDEKVLPVSELLDIAWQVAEGMCYLESQNYIHRDLAARNILVGENTLCKVGDFGLARLIKEDVYLSHDHNIPYKWTAPEALSRGHYSTKSDVWSFGILLHEMFSRGQVPYPGMSNHEAFLRVDAGYRMPCPLECPPSVHKLMLTCWCRDPEQRPCFKALRERLSSFT
Q13308,LGKSEFGEVFLAKGVAETLVLLDFRRELEMFGKLNHANVVRLLGLCREHYMVLEYVDLGDLKQFLRIKQKVALCTQVALGMEHLSNNRFVHKDLAARNCLVSAQRQVKVSALGLSKDVPLRWMSPEAILEGDFSTKSDVWAFGVLMWEVFTGEMPHGGQADDEVLAPEGCPSKLYRLMQRCWALSPKDRPSF,LQPITTLGKSEFGEVFLAKAQGLEEGVAETLVLVKSLQSKDEQQQLDFRRELEMFGKLNHANVVRLLGLCREAEPHYMVLEYVDLGDLKQFLRISKSKDEKLKSQPLSTKQKVALCTQVALGMEHLSNNRFVHKDLAARNCLVSAQRQVKVSALGLSKDVYNSEYYHFRQAWVPLRWMSPEAILEGDFSTKSDVWAFGVLMWEVFTHGEMPHGGQADDEVLADLQAGKARLPQPEGCPSKLYRLMQRCWALSPKDRPSFSEIASALGDSTV
Q01974,LGEDRFGKVYKGHAVAIKTLKEEFRHEAMLRARLQHPNVVCLLGVVTKLSMIFSYCSHGDLHEFLVMPDFVHLVAQIAAGMEYLSSHHVVHKDLATRNVLVYDKLNVKISDLGLFREVPIRWMAPEAIMYGKFSIDSDIWSYGVVLWEVFSGLQPYCGYSNQDVVEPDDCPAWVYALMIECWNEFPSRRPRF,VRFMEELGEDRFGKVYKGHLFGPAPGEQTQAVAIKTLKDKAEGPLREEFRHEAMLRARLQHPNVVCLLGVVTKDQPLSMIFSYCSHGDLHEFLVMRSPHSDVGSTDDDRTVKSALEPPDFVHLVAQIAAGMEYLSSHHVVHKDLATRNVLVYDKLNVKISDLGLFREVYAADYYKLLGNSLLPIRWMAPEAIMYGKFSIDSDIWSYGVVLWEVFSYGLQPYCGYSNQDVVEMIRNRQVLPCPDDCPAWVYALMIECWNEFPSRRPRFKDIHSRL
Q01973,LGECAFGKIYKGHLVAIKTLKTEFQQEASLMAELHHPNIVCLLGAVTQVCMLFEYINQGDLHEFLIMGDFLHIAIQIAAGMEYLSSHFFVHKDLAARNILIGEQLHVKISDLGLSREIPIRWMPPEAIMYGKFSSDSDIWSFGVVLWEIFSGLQPYYGFSNQEVIESEDCPPRMYSLMTECWNEIPSRRPRF,VRFMEELGECAFGKIYKGHLYLPGMDHAQLVAIKTLKDYNNPQQWTEFQQEASLMAELHHPNIVCLLGAVTQEQPVCMLFEYINQGDLHEFLIMRSPHSDVGCSSDEDGTVKSSLDHGDFLHIAIQIAAGMEYLSSHFFVHKDLAARNILIGEQLHVKISDLGLSREIYSADYYRVQSKSLLPIRWMPPEAIMYGKFSSDSDIWSFGVVLWEIFSFGLQPYYGFSNQEVIEMVRKRQLLPCSEDCPPRMYSLMTECWNEIPSRRPRFKDIHVRL
P08922,LGSGAFGEVYEGTKVAVKTLKIEFLKEAHLMSKFNHPNILKQLGVCLLQYIILELMEGGDLLTYLRKVDLVDLCVDISKGCVYLERMHFIHRDLAARNCLKDYTSIVKIGDFGLARDIPVRWMAPESLMDGIFTTQSDVWSFGILIWEILTGHQPYPAHSNLDVLNPRNCPDDLWNLMTQCWAQEPDQRPTF,LTLRLLLGSGAFGEVYEGTAVDILGVGSGEIKVAVKTLKKGSTDQEKIEFLKEAHLMSKFNHPNILKQLGVCLLNEPQYIILELMEGGDLLTYLRKARMATFYGPLLTLVDLVDLCVDISKGCVYLERMHFIHRDLAARNCLVSVKDYTSPRIVKIGDFGLARDIYKNDYYRKRGEGLLPVRWMAPESLMDGIFTTQSDVWSFGILIWEILTLGHQPYPAHSNLDVLNYVQTGGRLEPPRNCPDDLWNLMTQCWAQEPDQRPTFHRIQDQLQLFRNFF
Q04912,IGKGHFGVVYHGEQCAIKSLSEAFLREGLLMRGLNHPNVLALIGIMLPPHVLLPYMCHGDLLQFIRSKDLISFGLQVARSMEYLAEQKFVHRDLAARNCMLDESFTVKVADFGLARDIPVKWMALESLQTYRFTTKSDVWSFGVLLWELLTGAPPYRHIDPFDLTHPEYCPDSLYQVMQQCWEADPAVRPTF,THSDRVIGKGHFGVVYHGEYIDQAQNRIQCAIKSLSRITEMQQVEAFLREGLLMRGLNHPNVLALIGIMLPPEGLPHVLLPYMCHGDLLQFIRSPQRNPTVKDLISFGLQVARGMEYLAEQKFVHRDLAARNCMLDESFTVKVADFGLARDILDREYYSVQQHRHARLPVKWMALESLQTYRFTTKSDVWSFGVLLWELLTRGAPPYRHIDPFDLTHFLAQGRRLPQPEYCPDSLYQVMQQCWEADPAVRPTFRVLVGEVEQIV
P34925,LQEGTFGRIFHGIQAFVKTVKTMMLTESCKLRGLHHRNLLPITHVCIEPMVILPYMNWGNLKLFLRQQDLVHMAIQIACGMSYLARREVIHKDLAARNCVIDDTLQVKITDNALSRDLPVRWMALESLVNNEFSSASDVWAFGVTLWELMTGQTPYVDIDPFEMAAPINCPDELFAVMACCWALDPEERPKF,ITLKDVLQEGTFGRIFHGILIDEKDPNKEKQAFVKTVKDQASEIQVTMMLTESCKLRGLHHRNLLPITHVCIEEGEKPMVILPYMNWGNLKLFLRQCKLVEANNPQAISQQDLVHMAIQIACGMSYLARREVIHKDLAARNCVIDDTLQVKITDNALSRDLFPMDYHCLGDNENRPVRWMALESLVNNEFSSASDVWAFGVTLWELMTLGQTPYVDIDPFEMAAYLKDGYRIAQPINCPDELFAVMACCWALDPEERPKFQQLVQCLTEFHAAL
Q6J9G0,ICSGSCGPIFRANSVILKALKQDFLGRIQFHQYLKHKNLVQLEGCCTELYMVLEDVAQGDLLSFLWTKQVYHIGKQVLLALEFLQEKHLFHGDVAARNILMQSDLTAKLCGLGLAYEVPLKWLAPERLLLRPASIRADVWSFGILLYEMVTGAPPYPEVPPTSILEPSSCTHTMYSIMKSCWRWREADRPSP,SEVLEQICSGSCGPIFRANMNTGDPSKPKSVILKALKEPAGLHEVQDFLGRIQFHQYLGKHKNLVQLEGCCTEKLPLYMVLEDVAQGDLLSFLWTCRRDVMTMDGLLYDLTEKQVYHIGKQVLLALEFLQEKHLFHGDVAARNILMQSDLTAKLCGLGLAYEVYTRGAISSTQTIPLKWLAPERLLLRPASIRADVWSFGILLYEMVTLGAPPYPEVPPTSILEHLQRRKIMKRPSSCTHTMYSIMKSCWRWREADRPSPRELRLRLEAAI
Q9H3Y6,LGEGYFGEVWEGLPVAIKVIKTDLAKEIQTLKGLRHERLIRLHAVCSGVYIVTELMRKGNLQAFLGTPPLLGFACQVAEGMSYLEEQRVVHRDLAARNVLVDDGLACKVADFGLARLLPVKWTAPEAANYRVFSQKSDVWSFGVLLHEVFTGQCPYEGMTNHETLQPAACPAEVYVLMLECWRSSPEERPSF,FALGRKLGEGYFGEVWEGLWLGSLPVAIKVIKSANMKLTDLAKEIQTLKGLRHERLIRLHAVCSGGEPVYIVTELMRKGNLQAFLGTPEGRALRLPPLLGFACQVAEGMSYLEEQRVVHRDLAARNVLVDDGLACKVADFGLARLLKDDIYSPSSSSKIPVKWTAPEAANYRVFSQKSDVWSFGVLLHEVFTYGQCPYEGMTNHETLQQIMRGYRLPRPAACPAEVYVLMLECWRSSPEERPSFATLREKLHAIHRCHP
P42680,LGSGLFGVVRLGKKVAIKAIREDFIEEAKVMMKLTHPKLVQLYGVCTQIYIVTEFMERGCLLNFLRQDVLLSMCQDVCEGMEYLERNSFIHRDLAARNCLVSEAGVVKVSDFGMARYVPVKWCPPEVFNYSRFSSKSDVWSFGVLMWEVFTGRMPFEKYTNYEVVTPKLASNYVYEVMLRCWQEKPEGRPSF,LTFMRELGSGLFGVVRLGKWRAQYKVAIKAIREGAMCEEDFIEEAKVMMKLTHPKLVQLYGVCTQQKPIYIVTEFMERGCLLNFLRQRQGHFSRDVLLSMCQDVCEGMEYLERNSFIHRDLAARNCLVSEAGVVKVSDFGMARYVLDDQYTSSSGAKFPVKWCPPEVFNYSRFSSKSDVWSFGVLMWEVFTEGRMPFEKYTNYEVVTMVTRGHRLYQPKLASNYVYEVMLRCWQEKPEGRPSFEDLLRTIDELV
P35590,IGEGNFGQVIRAMNAAIKMLKRDFAGELEVLCKLHHPNIINLLGACKNLYIAIEYAPYGNLLDFLRKRQLLRFASDAANGMQYLSEKQFIHRDLAARNVLVGENLASKIADFGLSRGEPVRWMAIESLNYSVYTTKSDVWSFGVLLWEIVSGGTPYCGMTCAELYEPRNCDDEVYELMRQCWRDRPYERPPF,ITFEDLIGEGNFGQVIRAMIKKDGLKMNAAIKMLKEYASENDHRDFAGELEVLCKLGHHPNIINLLGACKNRGYLYIAIEYAPYGNLLDFLRKSRVLETDPAFAREHGTASTLSSRQLLRFASDAANGMQYLSEKQFIHRDLAARNVLVGENLASKIADFGLSRGEEVYVKKTMGRLPVRWMAIESLNYSVYTTKSDVWSFGVLLWEIVSLGGTPYCGMTCAELYEKLPQGYRMEQPRNCDDEVYELMRQCWRDRPYERPPFAQIALQLGRMLEARKAYV
Q13470,LGSGCFGVVHRGLPVAVKSLRGDFLREVSVMMNLEHPHVLRLHGLVLGLQMVMELAPLGSLHARLTAALLCLFLRQLAGAMAYLGARGLVHRDLATRNLLLASPRTIKVADFGLVRPLPYAWCAPESLRHGAFSSASDVWMFGVTLWEMFSGEEPWAGVPPYLILQPPLCSRALYSLALRCWAPHPADRPSF,VCRGELLGSGCFGVVHRGLWTLPSGKSVPVAVKSLRVGPEGPMGTELGDFLREVSVMMNLEHPHVLRLHGLVLGQPLQMVMELAPLGSLHARLTAPAPTPPLLVALLCLFLRQLAGAMAYLGARGLVHRDLATRNLLLASPRTIKVADFGLVRPLGGARGRYVMGGPRPIPYAWCAPESLRHGAFSSASDVWMFGVTLWEMFSGGEEPWAGVPPYLILQRLEDRARLPRPPLCSRALYSLALRCWAPHPADRPSFSHLEGLL
P29597,LGQGTRTNVYEGRRVVLKVLDLAFYETASLMSQVSHTHLAFVHGVCVRNIMVTEYVEHGPLDVWLRRAWKMVVAQQLASALSYLENKNLVHGNVCGRNILL---GFIKLSDPGVGLGARIPWLAPECLPGNSLSTAMDKWGFGATLLEICFGEAPLQSRSPSEKEH-EPSCPQLATLTSQCLTYEPTQRPSF,ITQLSHLGQGTRTNVYEGRLRVEGSGDPEEGKMDDEDPLVPGRDRGQELRVVLKVLDPSHHDIALAFYETASLMSQVSHTHLAFVHGVCVRGPENIMVTEYVEHGPLDVWLRRERGHVPMAWKMVVAQQLASALSYLENKNLVHGNVCGRNILLARLGLAEGTSPFIKLSDPGVGLGALSREERVERIPWLAPECLPGGANSLSTAMDKWGFGATLLEICFDGEAPLQSRSPSEKEHFYQRQHRLPEPSCPQLATLTSQCLTYEPTQRPSFRTILRDLTRLQPHNLA
P29597,LGEGHFGKVSLYCMVAVKALKSGWKQEIDILRTLYHEHIIKYKGCCEDLQLVMEYVPLGSLRDYLPRAQLLLFAQQICEGMAYLHAQHYIHRDLAARNVLLDNDRLVKIGDFGLAKAVPVFWYAPECLKEYKFYYASDVWSFGVTLYELLTHCDSSQQMTVLRLTEPDKCPCEVYHLMKNCWETEASFRPTF,LKKIRDLGEGHFGKVSLYCYDPTNDGTGEMVAVKALKADCGPQHRSGWKQEIDILRTLYHEHIIKYKGCCEDQGEKSLQLVMEYVPLGSLRDYLPRHSIGLAQLLLFAQQICEGMAYLHAQHYIHRDLAARNVLLDNDRLVKIGDFGLAKAVPEGHEYYRVREDGDSPVFWYAPECLKEYKFYYASDVWSFGVTLYELLTHCDSSQSPPTKFLELIGIAQGQMTVLRLTELLERGERLPRPDKCPCEVYHLMKNCWETEASFRPTFENLIPILKTVHEKY
Q06418,LGKGEFGSVREAQKVAVKMLKEEFLREAACMKEFDHPHVAKLVGVSLRPMVILPFMKHGDLHAFLLAQTLIRFMVDIACGMEYLSSRNFIHRDLAARNCMLAEDMTVCVADFGLSRKIPVKWLALESLADNLYTVQSDVWAFGVTMWEIMTGQTPYAGIENAEIYNPPECMEDVYDLMYQCWSADPKQRPSF,FTLGRMLGKGEFGSVREAQLKQEDGSFVKVAVKMLKADIIASSDIEEFLREAACMKEFDHPHVAKLVGVSLRSRAKGRLPIPMVILPFMKHGDLHAFLLASRIGENPFNLPLQTLIRFMVDIACGMEYLSSRNFIHRDLAARNCMLAEDMTVCVADFGLSRKIYSGDYYRQGCASKLPVKWLALESLADNLYTVQSDVWAFGVTMWEIMTRGQTPYAGIENAEIYNYLIGGNRLKQPPECMEDVYDLMYQCWSADPKQRPSFTCLRMELENIL
P42681,IGSGQFGVVHLGEQVAIKAINEDFIEEAKVMMKLSHSKLVQLYGVCIQLYIVTEFMENGCLLNYLREEMLLSVCQDICEGMEYLERNGYIHRDLAARNCLVSSTCIVKISDFGMTRYVPIKWSPPEVFLFNKYSSKSDVWSFGVLMWEVFTGKMPFENKSNLQVVEPHLAPMSIYEVMYSCWHEKPEGRPTF,LAFIKEIGSGQFGVVHLGEWRSHIQVAIKAINEGSMSEEDFIEEAKVMMKLSHSKLVQLYGVCIQRKPLYIVTEFMENGCLLNYLRENKGKLRKEMLLSVCQDICEGMEYLERNGYIHRDLAARNCLVSSTCIVKISDFGMTRYVLDDEYVSSFGAKFPIKWSPPEVFLFNKYSSKSDVWSFGVLMWEVFTEGKMPFENKSNLQVVEAISEGFRLYRPHLAPMSIYEVMYSCWHEKPEGRPTFAELLRAVTEIAETW
P30530,LGEGEFGAVMEGQKVAVKTMKEDFLSEAVCMKEFDHPNVMRLIGVCFQPVVILPFMKHGDLHSFLLYQMLVKFMADIASGMEYLSTKRFIHRDLAARNCMLNENMSVCVADFGLSKKIPVKWIAIESLADRVYTSKSDVWSFGVTMWEIATGQTPYPGVENSEIYDPADCLDGLYALMSRCWELNPQDRPSF,VALGKTLGEGEFGAVMEGQLNQDDSILKVAVKTMKIAICTRSELEDFLSEAVCMKEFDHPNVMRLIGVCFQGSERESFPAPVVILPFMKHGDLHSFLLYSRLGDQPVYLPTQMLVKFMADIASGMEYLSTKRFIHRDLAARNCMLNENMSVCVADFGLSKKIYNGDYYRQGRIAKMPVKWIAIESLADRVYTSKSDVWSFGVTMWEIATRGQTPYPGVENSEIYDYLRQGNRLKQPADCLDGLYALMSRCWELNPQDRPSFTELREDLENTL
P07947,LGQGCFGEVWMGTKVAIKTLKEAFLQEAQIMKKLRHDKLVPLYAVVSEIYIVTEFMSKGSLLDFLKEPQLVDMAAQIADGMAYIERMNYIHRDLRAANILVGENLVCKIADFGLARLIPIKWTAPEAALYGRFTIKSDVWSFGILQTELVTGRVPYPGMVNREVLEPQGCPESLHELMNLCWKKDPDERPTF,LRLEVKLGQGCFGEVWMGTWNGTTKVAIKTLKPGTMMPEAFLQEAQIMKKLRHDKLVPLYAVVSEEPIYIVTEFMSKGSLLDFLKEGDGKYLKLPQLVDMAAQIADGMAYIERMNYIHRDLRAANILVGENLVCKIADFGLARLIEDNEYTARQGAKFPIKWTAPEAALYGRFTIKSDVWSFGILQTELVTKGRVPYPGMVNREVLEQVERGYRMPCPQGCPESLHELMNLCWKKDPDERPTFEYIQSFLEDYF
P35916,LGYGAFGKVVEASTVAVKMLKRALMSELKILIHINHLNVVNLLGACTKLMVIVEFCKYGNLSNFLRAEDLVCYSFQVARGMEFLASRKCIHRDLAARNILLSESDVVKICDFGLARDIPLKWMAPESIFDKVYTTQSDVWSFGVLLWEIFSGASPYPGVQINEEFCPELATPAIRRIMLNCWSGDPKARPAF,LHLGRVLGYGAFGKVVEASAFGIHKGSSCDTVAVKMLKEGATASEHRALMSELKILIHIGNHLNVVNLLGACTKPQGPLMVIVEFCKYGNLSNFLRAKRDAFSPCAEKSPEQRGRFRAMVELARLDRRRPGSSDRVLFARFSKTEGGARRASPDQEAEDLWLSPLTMEDLVCYSFQVARGMEFLASRKCIHRDLAARNILLSESDVVKICDFGLARDIYKDPDYVRKGSARLPLKWMAPESIFDKVYTTQSDVWSFGVLLWEIFSLGASPYPGVQINEEFCQRLRDGTRMRAPELATPAIRRIMLNCWSGDPKARPAFSELVEILGDLL
P17948,LGRGAFGKVVQASTVAVKMLKKALMTELKILTHIHHLNVVNLLGACTKLMVIVEYCKYGNLSNYLKSEDLISYSFQVARGMEFLSSRKCIHRDLAARNILLSENNVVKICDFGLARDIPLKWMAPESIFDKIYSTKSDVWSYGVLLWEIFSGGSPYPGVQMDEDFCPEYSTPEIYQIMLDCWHRDPKERPRF,LKLGKSLGRGAFGKVVQASAFGIKKSPTCRTVAVKMLKEGATASEYKALMTELKILTHIGHHLNVVNLLGACTKQGGPLMVIVEYCKYGNLSNYLKSKRDLFFLNKDAALHMEPKKEKMEPGLEQGKKPRLDSVTSSESFASSGFQEDKSLSDVEEEEDSDGFYKEPITMEDLISYSFQVARGMEFLSSRKCIHRDLAARNILLSENNVVKICDFGLARDIYKNPDYVRKGDTRLPLKWMAPESIFDKIYSTKSDVWSYGVLLWEIFSLGGSPYPGVQMDEDFCSRLREGMRMRAPEYSTPEIYQIMLDCWHRDPKERPRFAELVEKLGDLL
P43403,LGCGNFGSVRQGVDVAIKVLKEEMMREAQIMHQLDNPYIVRLIGVCQALMLVMEMAGGGPLHKFLVGSNVAELLHQVSMGMKYLEEKNFVHRDLAARNVLLVNRHYAKISDFGLSKALPLKWYAPECINFRKFSSRSDVWSYGVTMWEALSGQKPYKKMKGPEVMAPPECPPELYALMSDCWIYKWEDRPDF,LIADIELGCGNFGSVRQGVYRMRKKQIDVAIKVLKQGTEKADTEEMMREAQIMHQLDNPYIVRLIGVCQAEALMLVMEMAGGGPLHKFLVGKREEIPVSNVAELLHQVSMGMKYLEEKNFVHRDLAARNVLLVNRHYAKISDFGLSKALGADDSYYTARSAGKWPLKWYAPECINFRKFSSRSDVWSYGVTMWEALSYGQKPYKKMKGPEVMAFIEQGKRMECPPECPPELYALMSDCWIYKWEDRPDFLTVEQRMRACYYSL
P00520,LGGGQYGEVYEGVTVAVKTLKEEFLKEAAVMKEIKHPNLVQLLGVCTRFYIITEFMTYGNLLDYLREVVLLYMATQISSAMEYLEKKNFIHRDLAARNCLVGENHLVKVADFGLSRLMPIKWTAPESLAYNKFSIKSDVWAFGVLLWEIATGMSPYPGIDLSQVYEPEGCPEKVYELMRACWQWNPSDRPSF,ITMKHKLGGGQYGEVYEGVWKKYSLTVAVKTLKEDTMEVEEFLKEAAVMKEIKHPNLVQLLGVCTREPPFYIITEFMTYGNLLDYLRECNRQEVSAVVLLYMATQISSAMEYLEKKNFIHRDLAARNCLVGENHLVKVADFGLSRLMTGDTYTAHAGAKFPIKWTAPESLAYNKFSIKSDVWAFGVLLWEIATYGMSPYPGIDLSQVYELLEKDYRMERPEGCPEKVYELMRACWQWNPSDRPSFAEIHQAF
P00523,LGQGCFGEVWMGTRVAIKTLKEAFLQEAQVMKKLRHEKLVQLYAVVSEIYIVTEYMSKGSLLDFLKGPQLVDMAAQIASGMAYVERMNYVHRDLRAANILVGENLVCKVADFGLARLIPIKWTAPEAALYGRFTIKSDVWSFGILLTELTTGRVPYPGMVNREVLDPPECPESLHDLMCQCWRKDPEERPTF,LRLEVKLGQGCFGEVWMGTWNGTTRVAIKTLKPGTMSPEAFLQEAQVMKKLRHEKLVQLYAVVSEEPIYIVTEYMSKGSLLDFLKGEMGKYLRLPQLVDMAAQIASGMAYVERMNYVHRDLRAANILVGENLVCKVADFGLARLIEDNEYTARQGAKFPIKWTAPEAALYGRFTIKSDVWSFGILLTELTTKGRVPYPGMVNREVLDQVERGYRMPCPPECPESLHDLMCQCWRKDPEERPTFEYLQAFLEDYF
P00523,LGQGCFGEVWMGTRVAIKTLKEAFLQEAQVMKKLRHEKLVQLYAVVSEIYIVTEYMSKGSLLDFLKGPQLVDMAAQIASGMAYVERMNYVHRDLRAANILVGENLVCKVADFGLARLIPIKWTAPEAALYGRFTIKSDVWSFGILLTELTTGRVPYPGMVNPEVLDPPECPESLHDLMCQCWRKDPEERPTF,LRLEVKLGQGCFGEVWMGTWNGTTRVAIKTLKPGTMSPEAFLQEAQVMKKLRHEKLVQLYAVVSEEPIYIVTEYMSKGSLLDFLKGEMGKYLRLPQLVDMAAQIASGMAYVERMNYVHRDLRAANILVGENLVCKVADFGLARLIEDNEYTARQGAKFPIKWTAPEAALYGRFTIKSDVWSFGILLTELTTKGRVPYPGMVNPEVLDQVERGYRMPCPPECPESLHDLMCQCWRKDPEERPTFEYLQAFLEDYF
P00523,LGQGCFGEVWMGTRVAIKTLKEAFLQEAQVMKKLRHEKLVQLYAVVSEIYIVTEYMSKGSLLDFLKGPQLVDMAAQIASGMAYVERMNYVHRDLRAANILVGENLVCKVADFGLARLIPIKWTAPEAALYGRFTIKSDVWSFGILLTELTTGRVPYPGMVNREVLDPEECPESLHDLMCQCWRKDPEERPTF,LRLEVKLGQGCFGEVWMGTWNGTTRVAIKTLKPGTMSPEAFLQEAQVMKKLRHEKLVQLYAVVSEEPIYIVTEYMSKGSLLDFLKGEMGKYLRLPQLVDMAAQIASGMAYVERMNYVHRDLRAANILVGENLVCKVADFGLARLIEDNEYTARQGAKFPIKWTAPEAALYGRFTIKSDVWSFGILLTELTTKGRVPYPGMVNREVLDQVERGYRMPCPEECPESLHDLMCQCWRKDPEERPTFEYLQAFLEDYF
P70451,LGKGNFGEVYKGTPVAIKTCKIKFLQEAKILKQYDHPNIVKLIGVCTQVYIIMELVPGGDFLTFLRKKQLVRFSLDVAAGMLYLESKNCIHRDLAARNCLVGENNTLKISDFGMSRQEPIKWTAPEALNYGRYSSESDVWSFGILLWETFSGVCPYPGMTNQQAREPQNCPEEVFTIMMKCWDYKPENRPKF,VSLGELLGKGNFGEVYKGTLKDKTPVAIKTCKEDLPQELKIKFLQEAKILKQYDHPNIVKLIGVCTQRQPVYIIMELVPGGDFLTFLRKRKDELKLKQLVRFSLDVAAGMLYLESKNCIHRDLAARNCLVGENNTLKISDFGMSRQEDGGVYSSSGLKQIPIKWTAPEALNYGRYSSESDVWSFGILLWETFSLGVCPYPGMTNQQAREQVERGYRMSAPQNCPEEVFTIMMKCWDYKPENRPKFNDLHKELTV
ANC000,LGSGNFGTVKKGVPVAVKVLKDELMKEAEFMHQLDNPYIVRMIGICEALMLVMELAPLGPLNKFLQKENIVELMHQVSMGMKYLEEKNFVHRDLAARNVLLVNQHYAKISDFGLSKALPLKWYAPECINFHKFSSKSDVWSFGVTMWEAFSGQKPYKGMKGQEVLPPAECPEEMYELMKDCWTYKADDRPGF,DKKLYLKREQLMLEEGELGSGNFGTVKKGVYKMRKKEIPVAVKVLKSENDPAVKDELMKEAEFMHQLDNPYIVRMIGICEAESLMLVMELAPLGPLNKFLQKHKDQITVENIVELMHQVSMGMKYLEEKNFVHRDLAARNVLLVNQHYAKISDFGLSKALGADDNYYKAKTAGKWPLKWYAPECINFHKFSSKSDVWSFGVTMWEAFSYGQKPYKGMKGQEVLPFIENGERMECPAECPEEMYELMKDCWTYKADDRPGFVAVELRLRDYYYDISK
