Domain UniProt ID,NetPhorest Model,Use sequence,Sequence
P00519,Abl_group,0,
P42684,Abl_group,0,
O75815,BCAR3,0,
Q9ULZ2,BRDG1,0,
Q13882,Brk,0,
P22681,CBL_group,0,
Q13191,CBL_group,0,
Q9ULV8,CBL_group,0,
P46108,CRK,0,
P46109,CRKL,0,
P42679,CTK,0,
P41240,Csk,0,
Q9UN19,DAPP1,0,
P42685,FRK,0,
P07332,Fes_group,0,
P16591,Fes_group,0,
P62993,GRB2_group,0,
Q13588,GRB2_group,0,
O75791,GRB2_group,0,
Q96JZ2,HSH2D_SH2D2A_group,0,
Q9NP31,HSH2D_SH2D2A_group,0,
O15357,INPPL1,0,
Q7Z7G1,MIST_LCP2_BLNK_SH2D6_group,0,
Q13094,MIST_LCP2_BLNK_SH2D6_group,0,
Q8WV28,MIST_LCP2_BLNK_SH2D6_group,0,
Q7Z4S9,MIST_LCP2_BLNK_SH2D6_group,0,
P27986,PIK3R1_1,0,
O00459,PIK3R3_1_PIK3R2_1_group,0,
Q92569,PIK3R3_1_PIK3R2_1_group,0,
Q06124,PTPN_group,0,
Q06124,PTPN_group,0,
P29350,PTPN_group,0,
P29350,PTPN_group,0,
P20936,RASA_group,0,
P20936,RASA_group,0,
O60880,SH2D1A_SH2D1B_group,0,
O14796,SH2D1A_SH2D1B_group,0,
Q8N5H7,SH2D3C,0,
P29353,SHC1,0,
Q6S5L8,SHC4,0,
Q96IW2,SHD,0,
O14508,SOCS2_SOCS7_group,0,
O14512,SOCS2_SOCS7_group,0,
Q8WXH5,SOCS5_SOCS4_SOCS6_CISH_group,0,
O75159,SOCS5_SOCS4_SOCS6_CISH_group,0,
O14544,SOCS5_SOCS4_SOCS6_CISH_group,0,
Q9NSE2,SOCS5_SOCS4_SOCS6_CISH_group,0,
Q7KZ85,SUPT6H,0,
P51451,Src_group,0,
P08631,Src_group,0,
P07948,Src_group,0,
P06239,Src_group,0,
P09769,Src_group,0,
P06241,Src_group,0,
P12931,Src_group,0,
P07947,Src_group,0,
Q9H3Y6,Srm,0,
P43405,Syk_2_group,1,WFHGKISREESEQIVLIGSKTNGKFLIRARDNNGSYALCLLHEGKVLHYRIDKDKTGKLSIPEGKKFDTLWQLVEHYSYKADGLLRVLTVPC
P43405,Syk_1,1,FFFGNITREEAEDYLVQGGMSDGLYLLRQSRNYLGGFALSVAHGRKAHHYTIERELNGTYAIAGGRTHASPADLCHYHSQESDGLVCLLKKPF
Q63HR2,TENC1_TNS3_TNS1_group,0,
Q68CZ2,TENC1_TNS3_TNS1_group,0,
Q9HBL0,TENC1_TNS3_TNS1_group,0,
Q06187,Tec_group,0,
P51813,Tec_group,0,
Q08881,Tec_group,0,
P42680,Tec_group,0,
P42681,Tec_group,0,
P15498,VAV1_VAV3_group,0,
Q9UKW4,VAV1_VAV3_group,0,
P52735,VAV2,0,
P19174,PLCG_1_group,1,WYHASLTRAQAEHMLMRVPRDGAFLVRKRNEPNSYAISFRAEGKIKHCRVQQEGQTVMLGNSEFDSLVDLISYYEKHPLYRKMKLRYPI
P16885,PLCG_1_group,0,WYYDSLSRGEAEDMLMRIPRDGAFLIRKREGSDSYAITFRARGKVKHCRINRDGRHFVLGTSAYFESLVELVSYYEKHSLYRKMRLRYPV
P19174,PLCG_2_group,1,WFHGKLGAGRDGRHIAERLLTEYCIETGAPDGSFLVRESETFVGDYTLSFWRNGKVQHCRIHSRQDAGTPKFFLTDNLVFDSLYDLITHYQQVPLRCNEFEMRLSEPV
P16885,PLCG_2_group,0,WFHKKVEKRTSAEKLLQEYCMETGGKDGTFLVRESETFPNDYTLSFWRSGRVQHCRIRSTMEGGTLKYYLTDNLTFSSIYALIQHYRETHLRCAEFELRLTDPV
Q92835,INPP5D,0,
P78314,SH3BP2,0,
Q5VZ18,SHE,0,
P16333,NCK_group,0,
O43639,NCK_group,0,
Q92529,SHC2_SHC3_group,0,
P98077,SHC2_SHC3_group,0,
Q9NRF2,SH2B_group,0,
Q9UQQ2,SH2B_group,0,
O14492,SH2B_group,0,
Q13239,SLAP_group,0,
Q9H6Q3,SLAP_group,0,
Q14451,GRB_group,0,
Q13322,GRB_group,0,
Q14449,GRB_group,0,